,lat,lon,depth,time,evid,nass,ml,sdobs,etype,Annotations
1,66.2382,-157.3825,8.3591,1549007882,2245,7,-999,0.0896,-,earthquake
8,66.171,-157.2242,9.1351,1549129603,2256,7,-999,0.4142,-,earthquake
13,66.3229,-157.2156,9.1106,1549198868,2261,6,-999,0.447,-,earthquake
17,66.0876,-158.1612,1.1707,1549238540,2265,7,-999,0.547,-,earthquake
21,66.0849,-158.1627,14.7538,1549271902,2269,12,-999,0.7789,-,earthquake
24,66.3334,-157.2964,9.553,1549317598,2272,14,-999,0.6733,-,earthquake 
31,66.1039,-157.4245,1.9045,1549366201,2280,8,-999,0.7066,-,"earthquake (very small, low signal-to-noise ratio)"
34,66.232,-157.4496,4.7843,1549371955,2284,7,-999,0.8297,-,earthquake
53,66.1741,-158.2567,4.5571,1549599162,2306,8,-999,0.2135,-,earthquake
54,66.1538,-158.2876,11.5899,1549599817,2307,11,-999,0.5499,-,earthquake
62,66.1707,-158.2455,13.7662,1549623790,2316,9,-999,0.4327,-,earthquake
63,66.1646,-158.164,5.1584,1549628769,2318,6,-999,0.4821,-,"earthquake (small, low SNR)"
78,66.1721,-158.2519,15.1574,1549690990,2333,10,-999,0.1848,-,earthquake
81,66.1858,-158.2493,12.8756,1549698319,2336,9,-999,0.4867,-,earthquake
91,66.1761,-158.2454,16.0244,1549716444,2346,7,-999,0.1706,-,earthquake
92,66.0836,-158.1564,0.4362,1549720285,2347,7,-999,0.5154,-,"earthquake (small, low SNR)"
96,66.1682,-158.2139,5.3188,1549752282,2351,18,-999,0.6142,-,earthquake
98,66.3174,-157.1933,12.4384,1549764862,2353,9,-999,0.3586,-,earthquake
101,66.3055,-157.1974,11.9856,1549765566,2356,7,-999,0.2492,-,earthquake (follows larger event)
102,66.3127,-157.2164,4.8812,1549766819,2358,10,-999,0.7872,-,earthquake
103,66.3255,-157.2147,12.62,1549770605,2359,7,-999,0.308,-,earthquake (many unassociated P's)
105,66.4101,-157.2528,1.2962,1549777880,2361,6,-999,0.8968,-,"earthquake (small, low SNR)"
106,66.2977,-157.2207,10.2238,1549787162,2362,7,-999,0.1642,-,earthquake
114,66.0902,-157.2064,0.0151,1549806537,2371,8,-999,1.125,-,"earthquake (smaller, burried between several other larger events)"
128,66.3095,-157.2175,10.1816,1549808291,2395,11,-999,0.653,-,earthquake
129,66.0819,-157.1967,1.4544,1549808520,2396,7,-999,1.0698,-,earthquake
130,66.3233,-157.1997,2.1377,1549808865,2397,12,-999,0.6848,-,earthquake
139,66.3148,-157.2139,0.0446,1549810173,2408,7,-999,0.459,-,earthquake
140,66.3339,-157.2139,0.0122,1549810192,2409,7,-999,0.4098,-,earthquake (overlapping event with evid #2408)
142,66.2561,-157.1935,0.001,1549811095,2412,6,-999,0.5523,-,earthquake
143,66.3056,-157.2117,9.7397,1549811158,2413,7,-999,0.1663,-,earthquake
148,66.298,-157.1857,12.1798,1549812791,2419,8,-999,0.4814,-,earthquake
154,66.1187,-157.2452,2.425,1549814266,2427,6,-999,0.8446,-,"earthquake (small, low SNR) "
159,66.3196,-157.2189,0.149,1549815378,2434,12,-999,0.6302,-,"earthquake (smaller preceeding earthquake is undetected, few detections)"
160,66.3159,-157.2194,10,1549815516,2435,5,-999,-1,-,"earthquake (small, low SNR)"
168,66.4344,-157.1936,0.3374,1549818086,2446,7,-999,0.7993,-,earthquake
170,66.3039,-157.2007,13.9097,1549818334,2449,10,-999,0.7474,-,earthquake
172,66.2848,-157.2046,10.1487,1549818803,2452,8,-999,0.2045,-,earthquake (small)
176,66.3428,-157.2071,0.0731,1549820351,2458,6,-999,0.6606,-,"earthquake (small, low SNR)"
180,66.3072,-157.2144,9.4144,1549821720,2465,8,-999,0.2597,-,"earthquake (follows similar, undetected/unlocated earthquake)"
185,66.2918,-157.1933,11.4705,1549822604,2472,7,-999,0.1481,-,earthquake
191,66.2962,-157.1899,11.0775,1549823333,2481,12,-999,0.417,-,"earthquake (smaller, between two larger events, not overlapping)"
197,66.3049,-157.1995,7.8824,1549824414,2489,8,-999,0.5949,-,earthquake
198,66.3218,-157.2181,10.0663,1549824580,2490,9,-999,0.6432,-,earthquake
199,66.2946,-157.4286,14.5795,1549824823,2493,5,-999,0.4186,-,earthquake
200,66.1127,-157.2525,2.8352,1549825534,2494,9,-999,1.0389,-,earthquake — lots of clear detections missing
204,66.3146,-157.2175,5.6638,1549827209,2498,9,-999,0.6079,-,"earthquake (small, only S-phases farther out)"
207,66.3128,-157.1708,12.0962,1549827662,2501,8,-999,0.3256,-,earthquake
208,66.3048,-157.2151,0.0075,1549828635,2505,10,-999,0.4036,-,earthquake
213,66.1236,-157.2302,0.0012,1549829656,2511,6,-999,0.7499,-,earthquake (small)
214,66.404,-157.2267,10.289,1549829846,2513,4,-999,0.1755,-,"earthquake (small, mostly S-phases)"
217,66.2997,-157.2127,8.7719,1549830853,2516,8,-999,0.5363,-,earthquake
227,66.273,-157.2172,4.3026,1549837969,2528,8,-999,1.2356,-,earthquake
242,66.3056,-157.2046,11.896,1549842172,2547,5,-999,0.1924,-,earthquake (small)
249,66.319,-157.2154,0.015,1549849443,2555,9,-999,0.7533,-,earthquake
256,66.3169,-157.2165,11.025,1549857604,2566,8,-999,0.2593,-,earthquake (proceeds similar unlocated event)
259,66.3029,-157.1699,11.9725,1549863810,2569,10,-999,0.2797,-,"earthquake (smaller, undetected/unlocated event in coda)"
260,66.3007,-157.2143,11.124,1549864443,2570,9,-999,0.6159,-,earthquake (interesting double P and S on G19K)
261,66.3199,-157.109,15.7986,1549864565,2571,5,-999,0.2753,-,earthquake (only one P-arrival)
262,66.4136,-157.175,13.5608,1549864615,2572,8,-999,1.7789,-,earthquake
273,66.2951,-157.2,13.3463,1549880864,2586,9,-999,0.4498,-,earthquake
278,66.3013,-157.193,13.199,1549886790,2594,6,-999,0.1147,-,earthquake
279,66.2817,-157.1998,13.093,1549887684,2595,12,-999,0.4017,-,earthquake
285,66.305,-157.1993,11.7987,1549892585,2602,11,-999,0.3763,-,earthquake
287,66.293,-157.1862,12.9581,1549892798,2604,10,-999,0.3443,-,earthquake
289,66.3221,-157.221,0.752,1549895019,2607,6,-999,0.3506,-,earthquake — in coda of larger event evid #2605
293,66.3001,-157.1592,13.6487,1549899207,2612,7,-999,0.2134,-,earthquake — lots of clear detections missing
295,66.2984,-157.2005,12.7034,1549902585,2614,11,-999,0.4994,-,earthquake
296,66.2749,-157.1917,13.4672,1549902883,2615,12,-999,0.5514,-,earthquake
297,66.2824,-156.9828,19.4154,1549903561,2617,7,-999,0.4987,-,earthquake
298,66.1647,-158.2649,13.6167,1549907265,2618,9,-999,0.2701,-,earthquake — lots of clear detections missing
299,66.2831,-157.1994,13.3297,1549907708,2619,8,-999,0.2146,-,earthquake
300,66.2868,-157.1546,15.5194,1549908921,2620,7,-999,0.4157,-,earthquake
304,66.2846,-157.1862,12.3463,1549919556,2625,12,-999,0.4132,-,earthquake
305,66.2975,-157.2117,10.6117,1549925383,2626,5,-999,0.0511,-,earthquake
306,66.312,-157.1394,12.0268,1549925975,2627,8,-999,0.3905,-,earthquake
313,66.285,-157.1295,15.0841,1549942111,2637,8,-999,0.2812,-,earthquake
314,66.3056,-157.1859,12.0195,1549942148,2638,8,-999,0.3241,-,earthquake
317,66.3199,-157.2077,12.2858,1549946930,2643,6,-999,0.4292,-,earthquake
318,66.316,-157.1303,11.0752,1549947947,2644,6,-999,0.2767,-,earthquake
320,66.3285,-157.2068,1.4494,1549954914,2646,10,-999,0.7556,-,earthquake
321,66.2928,-157.1772,12.4303,1549955299,2647,8,-999,0.3912,-,earthquake
323,66.3052,-157.1352,14.4201,1549957599,2649,7,-999,0.1645,-,earthquake — lots of clear detections missing
326,66.3074,-157.1341,14.8203,1549962366,2654,7,-999,0.2428,-,earthquake
327,66.312,-157.2046,11.7605,1549963225,2655,7,-999,0.1951,-,earthquake
328,66.283,-157.1999,12.6315,1549967149,2656,9,-999,0.4904,-,earthquake
330,66.2867,-157.1205,15.2147,1549973746,2658,7,-999,0.1759,-,earthquake
331,66.2862,-157.2182,6.2928,1549973915,2659,7,-999,0.8095,-,earthquake
333,66.2988,-157.2143,13.8972,1549976755,2661,8,-999,0.539,-,earthquake
334,66.1672,-157.2415,2.7602,1549981368,2662,7,-999,1.1909,-,"earthquake — missing clear, impulsive P-arrivals"
339,66.0808,-157.2093,1.4461,1550017493,2667,8,-999,0.9442,-,earthquake
341,66.3159,-157.2194,10,1550023714,2669,7,-999,-1,-,earthquake
342,66.2155,-157.2462,0.1028,1550025015,2670,7,-999,0.6458,-,earthquake
343,66.3131,-157.2113,8.8843,1550025621,2671,9,-999,0.3327,-,earthquake
344,66.2911,-157.2192,12.4671,1550026653,2672,11,-999,0.4394,-,earthquake
347,66.3292,-157.1546,6.0953,1550029992,2675,8,-999,0.3112,-,"earthquake (two smaller, successive events not detected/lcoacted)"
349,66.3234,-157.1702,10.3897,1550032302,2678,10,-999,0.4943,-,earthquake
350,66.3107,-157.0721,11.1856,1550033057,2679,11,-999,0.4359,-,earthquake
352,66.3169,-157.0159,3.0696,1550033838,2682,10,-999,0.2404,-,earthquake
354,66.3265,-157.2164,9.9352,1550039857,2686,10,-999,0.5196,-,earthquake
355,66.3157,-157.1963,10.3751,1550041263,2687,7,-999,0.1059,-,earthquake
357,66.2996,-157.1907,8.0363,1550042378,2690,7,-999,0.2029,-,earthquake (small)
360,66.0982,-157.1917,0,1550054337,2693,5,-999,0.5376,-,"earthquake (small, low SNR)"
362,66.2126,-157.1897,9.6073,1550062873,2695,5,-999,0.2997,-,earthquake
363,66.3042,-157.2052,9.9464,1550067312,2696,9,-999,0.2947,-,earthquake (low SNR)
369,66.2145,-157.215,0,1550075285,2704,7,-999,0.7179,-,earthquake
372,66.0172,-158.2154,11.3112,1550078854,2707,7,-999,1.3437,-,earthquake (low SNR)
374,66.3101,-157.2177,11.8937,1550083712,2709,10,-999,0.5146,-,earthquake
376,66.1021,-157.1912,0,1550085375,2711,6,-999,0.8387,-,earthquake (low SNR)
377,66.1083,-157.127,0,1550087600,2712,7,-999,0.9426,-,earthquake (low SNR)
378,66.197,-157.2261,0.0717,1550088430,2713,7,-999,0.7553,-,earthquake — lots of clear detections missing
379,66.2883,-157.2763,1.1573,1550088674,2714,8,-999,0.447,-,earthquake — lots of clear detections missing
381,66.3532,-157.0186,3.8329,1550093555,2716,6,-999,0.5117,-,earthquake (porceeds similar undetected/unlocated event)
382,66.2428,-157.3731,9.7604,1550098269,2717,7,-999,0.2681,-,earthquake (low SNR)
383,66.296,-157.2121,9.339,1550101165,2718,8,-999,0.4806,-,earthquake
384,66.33,-157.225,13.4667,1550101226,2719,6,-999,0.5489,-,earthquake
385,66.2799,-157.2021,11.3884,1550101501,2720,9,-999,0.3378,-,earthquake
386,66.2922,-157.2106,10.2949,1550101672,2721,10,-999,0.2731,-,earthquake
387,66.3335,-157.1859,8.6286,1550102926,2722,9,-999,0.6903,-,earthquake
388,66.0812,-158.1654,6.6681,1550111543,2723,6,-999,0.3558,-,earthquake (small)
390,66.2482,-157.3934,7.5857,1550113738,2725,11,-999,0.5738,-,earthquake
392,66.106,-157.2335,0.5145,1550117051,2728,6,-999,1.055,-,"earthquake (small, low SNR)"
398,66.2937,-157.202,10.0408,1550125803,2735,8,-999,0.2196,-,"earthquake (small, low SNR)"
401,66.093,-157.1976,0.5611,1550129943,2738,7,-999,1.096,-,earthquake
404,66.3024,-157.1445,13.8136,1550136918,2741,8,-999,0.6972,-,earthquake
408,66.294,-157.1949,9.4674,1550142896,2747,7,-999,0.1625,-,earthquake
412,66.1024,-157.2258,0,1550153815,2751,8,-999,0.9031,-,earthquake
415,66.3065,-157.1962,6.1928,1550161022,2754,9,-999,0.6544,-,earthquake
416,66.3092,-157.1987,9.5427,1550161586,2755,7,-999,0.1018,-,earthquake
417,66.2716,-157.2082,9.2058,1550163590,2756,7,-999,0.7918,-,earthquake
419,66.1295,-157.2415,0.0316,1550169305,2758,6,-999,0.7886,-,"earthquake (small, low SNR)"
422,66.3189,-157.2175,8.9575,1550196324,2761,7,-999,0.2302,-,"earthquake (small, low SNR)"
424,66.3098,-157.1837,11.2448,1550204248,2763,9,-999,0.2514,-,earthquake
426,66.0671,-157.1158,15.284,1550205143,2766,7,-999,0.1756,-,earthquake
430,66.2633,-157.2606,9.9453,1550212851,2772,8,-999,0.0374,-,earthquake (small)
431,66.3002,-157.2033,9.5257,1550213529,2773,7,-999,0.7368,-,earthquake (small)
440,66.3102,-157.2081,8.7563,1550230079,2784,7,-999,0.2981,-,earthquake
441,66.0932,-157.2139,0.5362,1550230685,2786,9,-999,1.3259,-,earthquake
442,66.3475,-157.1913,3.3768,1550232128,2787,6,-999,0.4136,-,"earthquake — several unpromoted detections, also missing many clear phase arrivals"
443,66.1974,-157.2608,2.4306,1550234515,2788,10,-999,0.8033,-,earthquake — lots of clear detections missing
445,66.3047,-157.2448,4.1337,1550234682,2790,7,-999,0.2681,-,earthquake — lots of clear detections missing (plus event in coda undetected)
449,66.3255,-157.1952,0.0198,1550242121,2795,7,-999,0.5112,-,earthquake
452,66.1862,-157.225,0.1465,1550246561,2799,6,-999,0.7754,-,earthquake
457,66.32,-157.2219,9.1427,1550249529,2804,8,-999,0.512,-,earthquake (small)
462,66.2509,-157.1948,11.5937,1550257143,2810,11,-999,1.0291,-,earthquake
468,66.289,-157.187,12.0095,1550264272,2816,8,-999,0.2555,-,earthquake
469,66.3199,-157.1874,11.2133,1550264688,2817,8,-999,0.5616,-,earthquake
471,66.323,-157.1584,11.2914,1550265647,2820,12,-999,0.5186,-,earthquake
476,66.1804,-158.1487,0.6172,1550272092,2827,8,-999,0.5775,-,earthquake
488,66.3063,-157.2124,11.7969,1550274858,2843,10,-999,0.618,-,earthquake (proceeds two larger events)
495,66.3365,-157.1865,0.1738,1550279648,2853,5,-999,0.2711,-,earthquake (missing many detections + combined with overlapping regional event)
501,66.4379,-157.2557,15.2216,1550288591,2859,5,-999,0.3189,-,"earthquake (small, low SNR)"
504,66.3535,-157.1686,1.65,1550293969,2862,7,-999,0.6114,-,earthquake
511,66.381,-157.1878,10.9006,1550306692,2869,7,-999,0.512,-,earthquake
513,66.2701,-157.2624,13.1481,1550307532,2871,9,-999,0.7501,-,earthquake (small)
515,66.3137,-157.2192,11.9972,1550319124,2873,9,-999,0.5695,-,"earthquake (small, low SNR)"
516,66.0904,-157.2144,0.4948,1550320544,2874,9,-999,0.9892,-,earthquake
520,66.3163,-157.2181,10.3148,1550330175,2878,9,-999,0.3429,-,earthquake
523,66.3017,-157.2107,11.3739,1550337742,2882,6,-999,0.5955,-,"earthquake (small, low SNR)"
527,66.0974,-157.1901,0.0359,1550350374,2886,5,-999,0.4924,-,"earthquake (small, low SNR)"
531,66.225,-157.2331,10.1184,1550353891,2890,5,-999,0.2133,-,"earthquake (small, low SNR)"
536,66.1684,-157.2793,1.4065,1550364053,2896,7,-999,0.8705,-,earthquake
537,66.315,-157.1828,10.8623,1550374623,2897,10,-999,0.5978,-,earthquake
539,66.2965,-157.2118,0.022,1550378516,2899,14,-999,0.7956,-,earthquake
542,66.2177,-158.3056,16.6537,1550380783,2903,9,-999,0.9481,-,earthquake
543,66.3143,-157.2186,12.4549,1550385707,2905,7,-999,0.1892,-,earthquake
545,66.3272,-157.2237,9.7683,1550398426,2907,11,-999,0.6539,-,earthquake
546,66.3041,-157.1889,8.3533,1550402475,2908,8,-999,0.2127,-,earthquake
549,66.3115,-157.218,10.689,1550415275,2911,12,-999,0.3226,-,earthquake
551,66.3349,-157.2286,0.0988,1550420246,2913,9,-999,0.616,-,"earthquake — missing clear, impulsive phase arrivals"
553,66.288,-157.1951,8.6072,1550425745,2915,8,-999,0.3247,-,earthquake
556,66.2955,-157.1671,12.0715,1550436782,2918,8,-999,0.4168,-,earthquake
557,66.3073,-157.1927,8.445,1550440250,2919,7,-999,0.4254,-,earthquake
558,66.2708,-157.1889,9.802,1550440673,2920,5,-999,0.1297,-,earthquake
559,66.3001,-157.1992,9.6377,1550443466,2921,8,-999,0.1232,-,earthquake
560,66.3435,-157.2229,10.5639,1550444431,2922,13,-999,0.5993,-,earthquake
568,66.2918,-157.2397,0.0735,1550453516,2934,8,-999,0.4682,-,earthquake
571,66.2698,-157.23,7.9279,1550458992,2939,11,-999,1.0328,-,"earthquake (in coda of preceeding, larger event)"
572,66.2904,-157.2515,11.1711,1550462027,2940,11,-999,0.9567,-,earthquake
573,66.3125,-157.1954,8.9802,1550464413,2941,9,-999,0.5977,-,earthquake
575,66.3125,-157.2168,6.459,1550470355,2943,9,-999,0.4936,-,earthquake
577,66.3008,-157.2059,9.2237,1550471441,2945,7,-999,0.0943,-,earthquake
580,66.3287,-157.1806,9.1425,1550478430,2948,6,-999,0.1816,-,earthquake
586,66.2162,-157.1991,15,1550494381,2955,5,-999,-1,-,earthquake
587,66.5556,-157.777,0.0393,1550496119,2956,4,-999,0.8702,-,"earthquake (regional signal, very few arrivals)"
588,66.3123,-157.2134,0.0115,1550497196,2957,10,-999,0.5063,-,"earthquake — missing clear, impulsive phase arrivals"
589,66.3696,-157.1984,12.4039,1550500151,2959,9,-999,0.9758,-,earthquake
597,66.281,-157.3844,12.0469,1550513693,2968,10,-999,0.867,-,earthquake
600,66.3071,-157.2109,11.4419,1550517493,2972,6,-999,0.1117,-,earthquake
601,66.179,-157.3024,0,1550520181,2973,7,-999,0.6167,-,earthquake
605,66.2998,-157.1913,11.3471,1550531115,2977,17,-999,0.5724,-,earthquake
606,66.2694,-157.2526,11.157,1550533471,2979,10,-999,0.4586,-,earthquake
608,66.3048,-157.2134,10.1955,1550535627,2981,14,-999,0.7123,-,earthquake
609,66.3058,-157.2873,11.9234,1550538942,2982,10,-999,0.2625,-,earthquake
613,66.2771,-157.2801,0.8262,1550551052,2987,8,-999,0.2575,-,"earthquake — missing clear, impulsive phase arrivals"
614,66.3247,-157.2192,0,1550558930,2988,6,-999,0.1504,-,"earthquake (small, low SNR)"
615,66.3072,-157.2104,8.8896,1550560515,2989,15,-999,0.8428,-,earthquake
619,66.2493,-157.2449,0.0364,1550571133,2993,8,-999,0.7252,-,"earthquake (in coda of preceeding, larger event)"
620,66.3287,-157.1871,7.8946,1550578714,2995,9,-999,0.2029,-,earthquake
621,66.3035,-157.2062,0.0129,1550580868,2996,12,-999,0.1648,-,earthquake
623,66.3248,-157.4081,57.4968,1550586300,2998,9,-999,0.6974,-,"earthquake — missing clear, impulsive phase arrivals at near source stations"
629,66.2654,-157.2204,9.0697,1550593278,3004,8,-999,0.784,-,earthquake
630,66.3088,-157.1748,10.9643,1550593366,3005,9,-999,0.3276,-,earthquake
631,66.2896,-157.1336,13.6823,1550594657,3006,8,-999,0.2577,-,earthquake (small)
632,66.2698,-157.3751,10.7471,1550595136,3007,10,-999,0.7717,-,earthquake
644,66.3045,-157.1834,10.3391,1550604360,3023,12,-999,0.4728,-,earthquake
645,66.3163,-157.1974,9.8149,1550612187,3024,14,-999,0.5082,-,earthquake
648,66.2447,-157.2276,11.6036,1550615878,3028,10,-999,0.5818,-,earthquake
655,66.2765,-157.2334,3.6197,1550631822,3038,7,-999,0.3801,-,"earthquake — missing clear, impulsive phase arrivals"
661,66.3,-157.201,13.2028,1550648666,3044,8,-999,0.4434,-,"earthquake — missing clear, impulsive phase arrivals"
664,66.2971,-157.1707,12.49,1550651349,3047,10,-999,0.2373,-,"earthquake — missing clear, impulsive phase arrivals"
666,66.3234,-157.1981,11.0092,1550658010,3049,5,-999,0.155,-,"earthquake (small, low SNR)"
667,66.311,-157.2101,8.5843,1550661675,3050,7,-999,0.2966,-,"earthquake (third event in quick succession, and only detected/located event)"
669,66.2981,-157.4593,3.1423,1550667212,3052,11,-999,0.9595,-,earthquake
680,66.3224,-157.1994,8.4521,1550679255,3065,6,-999,0.2871,-,"earthquake (small, low SNR)"
681,66.2785,-157.1823,5.578,1550679488,3066,7,-999,0.7919,-,earthquake
682,66.2248,-157.2029,0.4893,1550680484,3067,7,-999,0.6516,-,"earthquake (small, low SNR)"
683,66.2433,-157.2283,10.7974,1550683764,3068,11,-999,0.7191,-,earthquake
685,66.2012,-157.1481,12.543,1550691279,3070,8,-999,0.5756,-,earthquake
686,66.1974,-156.9088,11.4681,1550707675,3071,7,-999,0.8226,-,earthquake
688,66.3025,-157.1955,4.6676,1550722291,3073,10,-999,0.4023,-,earthquake
691,66.3016,-157.1771,14.4377,1550732362,3076,5,-999,0.1733,-,"earthquake (in coda of preceeding, larger event)"
692,66.5265,-157.2612,19.421,1550732733,3077,6,-999,0.6252,-,earthquake (low SNR)
701,66.0891,-157.196,0,1550745510,3090,7,-999,1.1381,-,"earthquake (low SNR, missing many detections)"
706,66.3392,-157.2045,8.9351,1550748056,3096,5,-999,0.6665,-,"earthquake (small, low SNR)"
709,66.2579,-157.2627,10.8236,1550752041,3099,7,-999,0.3807,-,earthquake
711,66.2092,-157.1974,8.7314,1550753315,3105,5,-999,0.371,-,earthquake
712,66.3255,-157.222,0.0185,1550753649,3106,6,-999,0.4468,-,"earthquake (small, low SNR)"
715,66.0865,-157.2033,0.1293,1550757876,3109,7,-999,0.9679,-,earthquake
719,66.3697,-157.1762,7.3932,1550763973,3113,5,-999,0.6293,-,"earthquake (small, low SNR)"
720,66.3144,-157.201,9.7462,1550775498,3114,7,-999,0.1418,-,earthquake
721,66.2153,-157.2131,0.0032,1550776397,3115,7,-999,0.6611,-,"earthquake — missing many clear, impulsive phase arrials at close stations"
722,66.2443,-157.2026,10.4429,1550780070,3116,11,-999,0.4477,-,earthquake
723,66.3243,-157.2135,12.2161,1550789853,3117,8,-999,0.5946,-,"earthquake (small, low SNR)"
724,66.3277,-157.2237,10.2215,1550791286,3118,12,-999,0.4595,-,earthquake
728,66.1839,-157.1749,7.1505,1550801647,3123,5,-999,0.4676,-,"earthquake (in coda of regional event, only one P-arrival)"
730,66.2667,-157.2464,11.5469,1550807495,3125,8,-999,0.8709,-,earthquake
731,66.3059,-157.1963,11.1601,1550812117,3126,6,-999,0.1535,-,earthquake (small)
739,66.2538,-157.2203,11.5023,1550821922,3134,7,-999,0.444,-,earthquake
752,66.3035,-157.2086,1.8984,1550835208,3148,14,-999,0.6815,-,earthquake
756,66.3064,-157.2025,10.5651,1550843584,3153,12,-999,0.5819,-,earthquake
757,66.3014,-157.2118,10.1221,1550849664,3154,12,-999,0.8078,-,earthquake
759,66.3315,-157.2426,10.028,1550850813,3158,13,-999,0.5044,-,earthquake
764,66.2553,-157.252,11.5815,1550863771,3163,5,-999,0.4942,-,"earthquake (small, first of a cluster of events, only first is detected)"
765,66.2724,-157.2631,0.4851,1550864408,3164,7,-999,0.8111,-,earthquake
767,66.2812,-157.2207,10.147,1550865992,3166,9,-999,0.6254,-,earthquake (small)
771,66.2375,-157.2361,13.282,1550873258,3172,11,-999,0.4447,-,earthquake
772,66.2314,-157.2003,8.803,1550876590,3173,7,-999,0.5029,-,earthquake (small)
774,66.224,-156.9525,20,1550877873,3175,6,-999,-1,-,earthquake
775,66.3306,-157.1766,8.8264,1550878269,3176,8,-999,0.4171,-,earthquake (small)
779,66.2562,-157.2449,12.5671,1550885151,3180,11,-999,0.5054,-,earthquake
780,66.3079,-157.2036,12.8594,1550885479,3181,11,-999,0.5638,-,earthquake
781,66.3405,-157.2202,9.769,1550900309,3183,9,-999,0.5985,-,"earthquake — missing clear, impulsive phase arrivals from near source stations"
790,66.329,-157.138,7.4007,1550912409,3193,8,-999,0.1775,-,earthquake (several unpromoted detections)
791,66.3146,-157.1709,8.3862,1550913017,3194,12,-999,0.5521,-,earthquake
796,66.3051,-157.2001,9.7129,1550927232,3201,8,-999,0.667,-,earthquake
799,66.0433,-157.1761,0.0182,1550930142,3204,6,-999,0.6995,-,"earthquake (directly in coda of preceeding, similar sized event)"
800,66.3231,-157.1954,11.1582,1550930522,3205,7,-999,0.2034,-,earthquake
804,66.3188,-157.1745,8.2342,1550933385,3210,14,-999,0.5648,-,earthquake
810,66.2889,-157.2067,10.6913,1550946059,3216,9,-999,0.689,-,earthquake (several unpromoted detections)
816,66.3202,-157.1697,15.1732,1550960231,3223,6,-999,0.1702,-,"earthquake — missing many clear, impulsive phase detections"
818,66.4363,-157.1903,0.7066,1550964248,3225,8,-999,1.0505,-,earthquake
819,66.0389,-157.1554,16.0324,1550964725,3226,6,-999,0.4538,-,earthquake (small)
822,66.2524,-157.2458,10.1435,1550993390,3229,9,-999,0.4426,-,earthquake
823,66.3304,-157.2252,5.5864,1550995837,3230,8,-999,0.1739,-,earthquake (several unpromoted detections)
824,66.1981,-157.3775,8.3693,1550999038,3231,6,-999,0.2483,-,earthquake (small)
825,66.2836,-157.3254,12.2796,1551016637,3232,6,-999,1.3547,-,earthquake (several unpromoted detections)
828,66.1739,-157.4327,0.3313,1551026759,3235,10,-999,0.7806,-,earthquake
830,66.2671,-157.2236,17.9257,1551037802,3237,8,-999,1.4967,-,earthquake (several unpromoted detections)
833,66.293,-157.188,11.2678,1551057258,3240,12,-999,0.3952,-,earthquake
834,66.3417,-157.216,7.8583,1551057869,3241,6,-999,0.5484,-,earthquake
837,66.315,-157.2085,8.8015,1551076362,3244,13,-999,0.6284,-,earthquake
840,66.2131,-157.1925,12.1244,1551083747,3247,9,-999,0.4933,-,earthquake
842,66.2382,-157.2047,10.5031,1551085970,3249,8,-999,0.2062,-,earthquake
843,66.2916,-157.1639,11.8954,1551089966,3251,15,-999,0.3146,-,earthquake
844,66.2489,-157.1984,9.287,1551091777,3252,6,-999,0.1825,-,earthquake (small)
853,65.9912,-157.5251,69.9856,1551117932,3262,5,-999,1.2529,nT,regional event with phantom earthquake on split P-arrivals
855,66.2444,-157.1968,10.4026,1551121720,3264,8,-999,0.2533,-,earthquake
857,66.2296,-157.4599,0.0541,1551126036,3267,7,-999,0.4453,-,"earthquake (small, low SNR)"
858,66.22,-157.2034,0.4915,1551128690,3268,8,-999,0.6023,-,"earthquake (smaller, low SNR, and several unpromoted phase arrivals)"
860,66.2796,-157.1878,12.3573,1551130029,3270,7,-999,0.185,-,"earthquake (small, low SNR)"
862,66.2162,-157.1991,10,1551134979,3274,7,-999,-1,-,earthquake
863,66.3024,-157.1837,8.7001,1551145581,3275,10,-999,0.6439,-,earthquake
868,66.2529,-157.2312,11.9124,1551154780,3281,12,-999,0.854,-,earthquake
871,66.3137,-157.2172,9.1731,1551155273,3285,7,-999,0.7353,-,"earthquake — missing many clear, impulsive phase arrivals as near source stations"
874,66.2753,-157.2288,11.3537,1551155654,3289,11,-999,1.0549,-,earthquake
879,66.2525,-157.2163,11.441,1551156312,3295,7,-999,0.3827,-,earthquake
881,66.2788,-157.1759,11.182,1551156613,3297,10,-999,0.4589,-,earthquake
884,66.2429,-157.2462,11.6335,1551157204,3301,7,-999,0.1564,-,earthquake
885,66.3076,-157.1968,5.4156,1551157984,3304,7,-999,0.101,-,earthquake
886,66.2265,-157.1734,10.5763,1551158177,3305,8,-999,0.2121,-,earthquake (noisey)
888,66.3226,-157.219,0.0076,1551158392,3307,6,-999,0.6098,-,earthquake
891,66.305,-157.1871,9.5906,1551160020,3311,9,-999,0.3078,-,earthquake
893,66.3269,-157.2008,8.0378,1551161419,3314,7,-999,0.5479,-,earthquake
894,66.2378,-157.2313,12.461,1551162307,3315,9,-999,0.4577,-,earthquake
896,66.2646,-157.257,10.5889,1551163461,3317,6,-999,0.8094,-,earthquake
897,66.302,-157.1823,4.7076,1551164001,3318,10,-999,0.7846,-,"earthquake — missing many, clear, impulsive, phase detections"
898,66.3159,-157.2194,10,1551164316,3319,6,-999,-1,-,earthquake (small)
900,66.2213,-157.2081,3.794,1551165871,3321,7,-999,0.7011,-,earthquake
906,66.3184,-157.1944,12.0622,1551169273,3327,9,-999,0.5662,-,earthquake
908,66.3185,-157.1722,11.0727,1551170671,3330,8,-999,0.2011,-,earthquake
909,66.2683,-157.2279,11.6475,1551171172,3332,11,-999,0.9395,-,earthquake
910,66.2644,-157.2301,11.6194,1551171504,3333,11,-999,0.984,-,earthquake
911,66.2687,-157.2351,11.8035,1551171789,3334,9,-999,1.1147,-,earthquake
913,66.3084,-157.1825,10.2422,1551172170,3336,11,-999,0.3905,-,earthquake
914,66.2732,-157.2011,0,1551172284,3337,6,-999,0.5603,-,earthquake
915,66.3049,-157.1768,2.1473,1551175231,3339,13,-999,0.6243,-,earthquake
916,66.2557,-157.2357,11.0737,1551175275,3340,9,-999,0.4007,-,earthquake
918,66.2741,-157.2139,9.4297,1551177253,3342,7,-999,0.5846,-,earthquake
921,66.3153,-157.139,5.9021,1551178035,3345,6,-999,0.256,-,earthquake (small)
923,66.299,-157.1694,8.7558,1551179359,3348,8,-999,0.1923,-,earthquake
924,66.3054,-157.1783,9.6428,1551179948,3349,10,-999,0.2652,-,earthquake
925,66.2446,-157.2571,11.724,1551183838,3350,10,-999,0.4137,-,earthquake
927,66.2626,-157.2105,9.999,1551184585,3353,7,-999,0.2831,-,earthquake (small)
929,66.3024,-157.1868,8.7275,1551185691,3356,10,-999,0.1902,-,earthquake
932,66.32,-157.2108,8.3374,1551192532,3359,13,-999,0.6604,-,earthquake
938,66.2883,-157.179,10.0696,1551201267,3367,12,-999,0.518,-,earthquake
942,66.2753,-157.2344,5.0417,1551203088,3373,9,-999,1.0139,-,earthquake (small)
944,66.2457,-157.2164,12.2494,1551204495,3375,11,-999,0.7378,-,earthquake
945,66.2859,-157.2186,9.456,1551206260,3376,4,-999,0.0012,n,"two, small earthquakes very close together with misplaced P- and S-phases located together as one event"
946,66.2688,-157.2288,10.8127,1551207415,3377,12,-999,0.9807,-,earthquake
949,66.2982,-157.1923,10.8382,1551208086,3381,14,-999,0.6021,-,earthquake
952,66.3073,-157.1778,10.4864,1551210510,3385,10,-999,0.4187,-,earthquake
953,66.3303,-157.29,7.978,1551212689,3386,6,-999,0.8738,-,earthquake (small)
954,66.3084,-157.1736,10.1151,1551213025,3387,15,-999,0.6393,-,earthquake (F19K misplaced detections)
955,66.3346,-157.2181,0.0146,1551213881,3389,6,-999,0.4562,-,earthquake (small)
958,66.2192,-157.1834,12.4475,1551217767,3392,9,-999,0.6458,-,earthquake
959,66.3141,-157.1835,7.9405,1551218319,3393,5,-999,0.0698,-,earthquake
960,66.2675,-157.2497,11.4094,1551218656,3394,8,-999,1.0772,-,earthquake
962,66.2377,-157.1863,10.9406,1551221389,3397,7,-999,0.1106,-,earthquake
963,66.3053,-157.204,0.0413,1551223149,3399,16,-999,0.5448,-,earthquake
965,66.2442,-157.2119,7.4516,1551226169,3401,9,-999,0.4123,-,earthquake
967,66.2432,-157.2557,12.3752,1551226518,3403,9,-999,0.4146,-,earthquake (small)
968,66.2928,-157.1653,7.391,1551229335,3404,8,-999,0.1068,-,earthquake (small)
972,66.2722,-157.5913,31.1926,1551231483,3410,9,-999,1.0069,-,earthquake
975,66.3129,-157.1926,8.9211,1551232021,3413,11,-999,0.3445,-,earthquake
977,66.2931,-157.1712,11.3399,1551235637,3416,16,-999,0.3132,-,earthquake
981,66.2466,-157.2408,12.5979,1551244405,3422,11,-999,0.3683,-,earthquake
984,66.313,-157.189,7.4356,1551253111,3425,6,-999,0.1312,-,earthquake (small)
985,66.1135,-157.3918,0.0186,1551253427,3426,11,-999,0.7678,-,earthquake
987,66.3176,-157.1823,8.0112,1551256309,3428,7,-999,0.1047,-,earthquake
988,66.2512,-157.2281,12.1231,1551256888,3429,12,-999,0.3505,-,earthquake
989,66.1818,-157.2546,16.5657,1551257419,3430,9,-999,2.0309,-,earthquake (missing some impulsive arrivals)
990,66.2852,-157.158,12.6798,1551259140,3431,8,-999,0.3285,-,earthquake (several unpromoted detections)
995,66.2114,-157.1421,12.5448,1551263987,3437,6,-999,0.1252,-,"earthquake (small, proceeding larger event)"
997,66.2333,-157.2354,12.8541,1551264689,3440,9,-999,0.9031,-,earthquake
999,66.2951,-157.1635,11.8283,1551265602,3443,8,-999,0.1504,-,"earthquake — missing multiple clear, impulsive arrivals"
1000,66.2787,-157.2208,5.0275,1551266110,3444,10,-999,0.9111,-,"earthquake — missing multiple clear, impulsive arrivals"
1002,66.2999,-157.1735,8.2657,1551267270,3448,9,-999,0.1424,-,earthquake
1003,66.2616,-157.2141,8.687,1551267317,3449,8,-999,0.4953,-,earthquake
1006,66.2971,-157.1942,6.3561,1551275353,3454,7,-999,0.1533,-,earthquake (smaller)
1008,66.2137,-157.2097,5.2187,1551277367,3456,8,-999,0.8669,-,"earthquake — missing multiple clear, impulsive arrivals"
1009,66.3143,-157.1798,11.4607,1551277527,3457,7,-999,0.1693,-,"earthquake — missing multiple clear, impulsive arrivals"
1010,66.2432,-157.219,12.6379,1551278681,3458,9,-999,0.7738,-,earthquake (small)
1014,66.2443,-157.239,13.0164,1551281321,3463,7,-999,1.0171,-,earthquake (small)
1015,66.316,-157.2161,9.4716,1551281792,3464,11,-999,0.5613,-,earthquake
1018,66.2834,-157.254,0.1174,1551283922,3467,8,-999,1.1016,-,"earthquake (in coda of larger preceeding event, several unpromoted detections, missing impulsive arrivals)"
1019,66.2613,-157.5759,0.0159,1551289805,3469,6,-999,0.4513,-,earthquake (small)
1021,66.2898,-157.232,0,1551290017,3471,6,-999,0.7778,-,earthquake (small)
1022,66.3242,-157.2038,11.3498,1551290620,3472,16,-999,0.4957,-,earthquake
1026,66.0943,-157.1961,0.022,1551294590,3477,8,-999,0.8704,-,earthquake
1032,66.2404,-157.21,13.4772,1551301686,3483,7,-999,0.5019,-,"earthquake (small, in coda of preceeding event)"
1034,66.2127,-157.1802,0.0071,1551303818,3486,5,-999,0.7719,-,earthquake (small)
1036,66.1769,-157.2059,10.5884,1551307985,3488,7,-999,0.4485,-,"earthquake — missing multiple clear, impulsive arrivals"
1037,66.2592,-157.2509,0.0156,1551309690,3489,8,-999,0.7099,-,earthquake
1041,66.3222,-157.2149,9.8247,1551317618,3494,12,-999,0.738,-,earthquake
1045,66.2828,-157.2121,7.4496,1551324795,3499,8,-999,0.9995,-,earthquake
1048,66.2355,-157.2258,12.1839,1551333349,3502,9,-999,0.6129,-,earthquake
1049,66.2419,-157.1643,9.4569,1551333637,3503,7,-999,0.3698,-,earthquake (small)
1050,66.2303,-157.1735,9.6485,1551333800,3504,6,-999,0.3954,-,earthquake (small)
1058,66.2213,-157.2126,9.7605,1551361625,3512,6,-999,0.3326,-,"earthquake — missing multiple clear, impulsive arrivals"
1060,66.3103,-157.1862,11.8317,1551362999,3514,6,-999,0.112,-,earthquake (smaller)
1061,66.3139,-157.2251,9.6144,1551363571,3515,9,-999,0.4421,-,earthquake (several unpromoted detections)
1063,66.2848,-157.1492,16.0537,1551371148,3517,6,-999,0.1924,-,"earthquake — missing multiple clear, impulsive arrivals"
1067,66.3046,-157.1872,11.3457,1551377139,3521,9,-999,0.3282,-,earthquake
1070,66.2994,-157.1726,10.834,1551385066,3525,6,-999,0.1547,-,"earthquake — missing many clear, impulsive phase arrivals"
1073,66.1839,-157.8732,0.726,1551395477,3528,8,-999,1.3475,-,earthquake
71,66.2871,-157.2806,0.0966,1549647685,2326,7,0.84,0.3514,-,earthquake
654,66.2758,-157.2341,0.0025,1550629343,3035,9,0.85,0.343,-,earthquake
611,66.2984,-157.2002,9.7464,1550541353,2984,8,0.86,0.1745,-,earthquake (small)
447,66.3094,-157.2026,10.6113,1550240113,2793,12,0.89,0.542,-,earthquake
421,66.28,-157.2075,11.761,1550192673,2760,13,0.9,0.4935,-,earthquake
641,66.2951,-157.1926,12.447,1550602777,3019,7,0.91,0.1592,-,"earthquake (only one P-arrival, rest are S-arrivals)"
478,66.3376,-157.1491,8.9114,1550272576,2830,11,0.94,0.8255,-,earthquake
633,66.3118,-157.2835,9.1863,1550595185,3008,14,1,0.5346,-,earthquake
937,65.8582,-156.3685,17.4484,1551200683,3366,5,1,0.2853,-,earthquake (very small)
393,66.2756,-157.2033,9.96,1550119839,2729,7,1.01,0.1142,-,earthquake
428,66.2482,-157.219,0.0128,1550208264,2768,7,1.02,0.8724,-,earthquake — lots of clear detections missing
726,66.2246,-157.425,8.9418,1550797870,3120,10,1.02,0.5614,-,earthquake
602,66.3028,-157.185,12.4849,1550522373,2974,10,1.03,0.3457,-,earthquake
582,66.3349,-157.1818,8.5395,1550479461,2950,11,1.04,0.4538,-,earthquake
391,66.2876,-157.2229,10.894,1550114365,2726,9,1.05,0.2707,-,earthquake
446,66.2843,-157.2179,0.8773,1550236496,2791,15,1.05,0.8649,-,earthquake
617,66.2879,-157.2383,11.8521,1550569506,2991,11,1.05,0.7406,-,earthquake
646,66.2852,-157.2485,10.4686,1550615095,3025,7,1.07,1.1182,-,earthquake
1001,66.2881,-157.1777,10.5875,1551266417,3446,17,1.07,0.3791,-,earthquake (smaller event in coda largely undetected)
713,66.3069,-157.1989,11.097,1550753993,3107,16,1.08,0.5792,-,earthquake
451,66.3159,-157.2194,5,1550245135,2798,6,1.1,-1,-,earthquake
665,66.2886,-157.2104,10.3363,1550655190,3048,13,1.1,0.6659,-,earthquake
409,66.2857,-157.2112,0.2517,1550147407,2748,9,1.11,0.5885,-,earthquake
436,65.8777,-156.3674,17.11,1550227947,2778,9,1.12,0.272,-,earthquake
576,66.2961,-157.3041,7.936,1550471026,2944,11,1.12,0.4846,-,earthquake
702,66.2834,-157.1742,11.858,1550745554,3091,12,1.12,0.3357,-,earthquake (similar to preceeding evid #3090)
744,66.2977,-157.2211,16.3846,1550823274,3140,13,1.12,0.7641,-,"earthquake (heavily in coda of preceeding, similar sized event)"
769,66.316,-157.2077,10.2091,1550868693,3168,14,1.12,0.4664,-,earthquake
178,66.3235,-157.222,10.4436,1549821554,2462,10,1.13,0.522,-,earthquake
405,66.3258,-157.2203,0.0234,1550137817,2743,9,1.13,0.6761,-,earthquake
425,66.2238,-157.0882,10.5514,1550204573,2764,9,1.13,0.2521,-,earthquake
610,66.3001,-157.1957,10.7899,1550540059,2983,14,1.13,0.4426,-,earthquake
760,66.3082,-157.1644,14.7509,1550854514,3159,6,1.13,0.2422,-,earthquake (small)
216,66.2327,-157.1485,11.0732,1549830260,2515,9,1.14,0.3841,-,earthquake (in coda of preceeding event)
585,66.299,-157.1951,0.9908,1550493919,2954,9,1.14,0.353,-,earthquake
650,65.8271,-156.3023,13.618,1550619265,3030,12,1.14,0.4489,-,earthquake
270,66.3172,-157.2175,8.4704,1549877593,2582,9,1.15,0.5345,-,earthquake
658,66.3347,-157.2177,9.3026,1550640249,3041,13,1.15,0.4668,-,earthquake
808,66.288,-157.1705,12.9902,1550942706,3214,17,1.15,0.3502,-,earthquake
636,66.1989,-156.8276,2.285,1550597327,3012,13,1.16,0.5067,-,earthquake
161,66.3174,-157.203,9.0539,1549815814,2436,12,1.17,0.4381,-,earthquake
255,66.2935,-157.1847,12.3117,1549856942,2565,13,1.17,0.342,-,earthquake
394,66.3363,-156.9891,9.9004,1550121401,2730,12,1.17,1.0671,-,earthquake
733,66.2975,-157.1996,0.5674,1550816293,3128,11,1.17,0.3388,-,earthquake
786,66.2952,-157.1855,10.4082,1550905608,3189,12,1.17,0.4401,-,earthquake (several unpromoted detections)
934,66.307,-157.2165,9.8223,1551196029,3362,18,1.17,0.461,-,earthquake
1011,66.3189,-157.2051,10.1666,1551279002,3459,9,1.17,0.5405,-,"earthquake — missing multiple clear, impulsive arrivals"
1035,66.264,-157.218,12.2863,1551304608,3487,12,1.17,1.0281,-,earthquake
68,66.1653,-158.2714,10.6581,1549639983,2323,13,1.18,0.4172,-,earthquake
104,66.3479,-157.2141,8.8592,1549773609,2360,9,1.18,0.4395,-,earthquake
135,66.2955,-157.2197,1.5926,1549809670,2402,14,1.18,0.9593,-,earthquake
248,66.3096,-157.159,15.6331,1549848749,2554,6,1.18,0.2317,-,"earthquake (directly follows event that was unlocated, similar detections)"
503,66.3109,-157.2057,10.7376,1550289331,2861,7,1.18,0.1476,-,earthquake — lots of clear detections missing
532,66.34,-157.2004,11.1592,1550354145,2891,10,1.18,0.8473,-,earthquake
592,66.3204,-157.2156,10.1074,1550508805,2963,12,1.18,0.3384,-,earthquake
594,66.3597,-157.4362,10.0393,1550513071,2965,12,1.18,0.6104,-,earthquake
642,66.3154,-157.195,10.6806,1550603612,3020,17,1.18,0.4767,-,earthquake
643,66.3183,-157.2161,6.0322,1550603711,3021,9,1.18,0.5796,-,earthquake (local event combined with regionale event)
651,66.2945,-157.1873,11.7407,1550620294,3031,14,1.18,0.3846,-,earthquake
705,66.2988,-157.1859,10.3491,1550746476,3094,12,1.18,0.4273,-,"earthquake (proceeds similar, undetected/unlocated event)"
80,66.1578,-158.2594,10.9283,1549691852,2335,19,1.19,0.5603,-,earthquake
743,66.2942,-157.1798,10.949,1550823249,3139,16,1.19,0.3585,-,earthquake
151,66.2988,-157.1888,11.1768,1549813535,2423,5,1.2,0.131,-,earthquake
226,66.312,-157.1928,10.3853,1549837863,2527,13,1.2,0.3755,-,earthquake
258,66.3157,-157.1429,11.3888,1549861033,2568,10,1.2,0.4452,-,earthquake
514,66.3046,-157.2073,9.9754,1550313470,2872,6,1.2,0.0629,-,earthquake (small)
738,66.2534,-157.2406,10.7063,1550821816,3133,11,1.2,1.1228,-,earthquake (in very end of coda of larger preceeding event)
773,66.2955,-157.2082,10.3845,1550877839,3174,14,1.2,0.4316,-,earthquake
806,66.304,-157.1716,14.0608,1550936541,3212,8,1.2,0.1482,-,earthquake (small)
1065,66.2265,-157.2057,13.1531,1551375079,3519,13,1.2,0.5729,-,earthquake
435,66.3182,-157.2179,10.0294,1550215750,2777,12,1.21,0.7386,-,earthquake
740,66.294,-157.1823,11.7415,1550822210,3135,16,1.21,0.3903,-,earthquake
1053,66.2936,-157.1843,10.7607,1551341274,3507,14,1.21,0.2762,-,earthquake
1059,66.29,-157.1739,11.5251,1551362729,3513,17,1.21,0.3368,-,earthquake
144,66.277,-157.2086,12.3717,1549811775,2414,15,1.22,0.475,-,earthquake
607,66.27,-157.239,11.4246,1550535446,2980,11,1.22,0.9183,-,earthquake
755,66.2944,-157.2831,9.3715,1550843363,3152,11,1.22,0.4641,-,earthquake
798,66.2834,-157.2258,11.0501,1550930132,3203,7,1.22,0.4563,-,earthquake
807,66.3123,-157.1996,11.0655,1550939889,3213,15,1.22,0.3952,-,earthquake
1024,66.3293,-157.2049,8.9447,1551291740,3474,12,1.22,0.5859,-,earthquake (follows similar sized undetected/unlocated event)
1043,66.3101,-157.1902,8.702,1551322027,3497,7,1.22,0.6167,-,earthquake (lots of unpromoted P-detections)
10,66.168,-158.2393,14.4211,1549142223,2258,8,1.23,0.1562,-,earthquake
48,66.1465,-158.2603,9.9002,1549589489,2300,14,1.23,0.4871,-,earthquake
61,66.1652,-158.276,6.2798,1549623690,2315,24,1.23,0.5843,-,earthquake
145,66.3547,-157.2302,11.3547,1549811801,2415,9,1.23,1.3091,-,earthquake (overlapping event with evid #2414)
247,66.2968,-157.1854,12.0098,1549847600,2552,10,1.23,0.4251,-,earthquake
371,66.2961,-157.2069,11.6751,1550078541,2706,11,1.23,0.4463,-,earthquake
547,66.309,-157.1889,12.4862,1550408917,2909,9,1.23,0.3259,-,"earthquake — missing clear, impulsive phase arrivals"
596,66.3188,-157.3038,9.1419,1550513608,2967,13,1.23,0.7599,-,earthquake
599,66.3318,-157.4033,9.2748,1550516325,2971,8,1.23,0.8324,-,earthquake (low SNR)
659,66.2876,-157.4013,6.872,1550642705,3042,8,1.23,1.1561,-,"earthquake — missing clear, impulsive phase arrivals"
687,66.2613,-157.2125,7.7905,1550714553,3072,11,1.23,0.5844,-,earthquake
814,66.3084,-157.1795,10.5026,1550956153,3221,15,1.23,0.6106,-,earthquake
1029,66.2864,-157.2053,1.2712,1551296721,3480,12,1.23,0.4749,-,"earthquake — missing multiple clear, impulsive arrivals"
126,66.1354,-157.2384,0.0005,1549807950,2391,10,1.24,1.3928,-,earthquake (follows larger event)
414,66.218,-157.2134,0.0022,1550154754,2753,5,1.24,0.6064,-,earthquake
459,66.2721,-157.2204,10.4494,1550253606,2806,15,1.24,0.7197,-,earthquake
463,66.2953,-157.2122,11.8929,1550258938,2811,15,1.24,0.4309,-,earthquake
766,66.3198,-157.1873,0.9945,1550864472,3165,7,1.24,0.1672,-,"earthquake — missing many clear, impulsive phase arrivals"
770,66.3159,-157.2194,10,1550871974,3169,13,1.24,-1,-,earthquake
811,66.3165,-157.2163,9.224,1550949220,3217,12,1.24,0.57,-,earthquake
444,66.3155,-157.2187,10.1735,1550234585,2789,12,1.25,0.3528,-,"eaarthquake (similar to evid #2789, but different phases missing)"
637,66.2984,-157.2556,0.6357,1550597806,3013,11,1.25,0.9825,-,earthquake
966,66.3082,-157.2162,11.51,1551226425,3402,10,1.25,0.4057,-,earthquake (several unpromoted detections)
27,66.3352,-157.2275,10.6007,1549349758,2275,13,1.26,0.6115,-,earthquake
152,66.2886,-157.2065,10.7613,1549813888,2424,14,1.26,0.4749,-,earthquake
584,66.2985,-157.2022,10.0188,1550489620,2952,13,1.26,0.4536,-,earthquake
656,66.2976,-157.207,2.9231,1550631862,3037,12,1.26,0.3625,-,earthquake (directly follows another event)
735,66.3178,-157.195,12.1258,1550819773,3130,13,1.26,0.2812,-,earthquake
754,66.3113,-157.1659,4.0932,1550842038,3150,12,1.26,0.3347,-,earthquake
841,66.3092,-157.1941,11.6403,1551083835,3248,17,1.26,0.444,-,earthquake
861,66.2937,-157.1902,3.5971,1551132663,3273,8,1.26,0.4931,-,"earthquake — missing many clear, impulse phase arrivals as near source stations"
222,66.3045,-157.2144,10.6511,1549835207,2522,14,1.27,0.4441,-,earthquake
238,66.3122,-157.2157,5.6684,1549840314,2543,9,1.27,0.7751,-,earthquake — lots of clear detections missing
365,66.3155,-157.2136,10.7838,1550067917,2698,12,1.27,0.4643,-,earthquake
714,66.3386,-157.2313,4.4619,1550757152,3108,7,1.27,0.3371,-,earthquake — missing many clear phase arrivals
745,66.3143,-157.1896,10.0391,1550823952,3141,12,1.27,0.5005,-,earthquake
150,66.3211,-157.2372,10.0787,1549813549,2422,12,1.28,0.633,-,"earthquake (small, overlappign with larger event, evid #2423)"
265,66.3085,-157.1898,13.626,1549869868,2577,9,1.28,0.1823,-,earthquake
518,66.3068,-157.2092,11.5485,1550321400,2876,11,1.28,0.2954,-,earthquake
964,66.29,-157.0857,11.6109,1551224716,3400,16,1.28,0.2931,-,earthquake
59,66.2939,-157.2509,4.6071,1549618458,2313,14,1.29,0.6445,-,earthquake
163,66.3212,-157.2193,0.0564,1549817043,2439,7,1.29,0.3723,-,"earthquake (small, low SNR)"
286,66.2853,-157.1901,12.5039,1549892719,2603,12,1.29,0.4356,-,earthquake
838,66.3078,-157.2051,8.3313,1551080121,3245,12,1.29,0.7776,-,"earthquake — missing clear, impulsive phase arrivals from near source stations"
87,66.3152,-157.2135,1.9102,1549710061,2342,13,1.3,0.5014,-,earthquake
230,66.3001,-157.2137,11.9386,1549838703,2532,16,1.3,0.3888,-,earthquake (proceeds larger event)
277,66.308,-157.2084,11.9733,1549886468,2593,13,1.3,0.4232,-,earthquake — lots of clear detections missing
364,66.2883,-157.1992,10.6726,1550067616,2697,10,1.3,0.5017,-,earthquake
380,66.3117,-157.0238,8.6606,1550092859,2715,10,1.3,0.5408,-,earthquake
578,66.2971,-157.1867,9.4175,1550472204,2946,11,1.3,0.4044,-,earthquake
684,66.3199,-157.2095,12.1183,1550690610,3069,13,1.3,0.4707,-,earthquake
747,66.2902,-157.186,10.8561,1550826230,3143,18,1.3,0.4213,-,earthquake
883,66.3101,-157.184,10.0952,1551157018,3300,13,1.3,0.5619,-,earthquake
922,66.3022,-157.2028,9.912,1551178571,3346,7,1.3,0.3851,-,"earthquake — missing many clear, impulsive phase arrivals"
935,66.2952,-157.1783,11.4297,1551196245,3363,15,1.3,0.3641,-,earthquake
93,66.3252,-157.3454,7.6283,1549727064,2348,10,1.31,0.8076,-,earthquake
203,66.3548,-157.2119,12.0944,1549827050,2497,12,1.31,0.6681,-,earthquake
219,66.3048,-157.2206,0.0218,1549832078,2518,6,1.31,0.4398,-,earthquake — lots of clear detections missing
229,66.3492,-157.2048,9.9898,1549838559,2530,13,1.31,0.8555,-,earthquake
301,66.2809,-157.1874,13.4706,1549909807,2621,7,1.31,0.1327,-,earthquake
778,66.301,-157.1778,9.7601,1550881858,3179,12,1.31,0.3826,-,earthquake
785,66.3024,-157.2227,9.4803,1550904175,3188,14,1.31,0.8259,-,earthquake
849,66.2618,-157.2155,11.9756,1551106351,3258,10,1.31,0.4419,-,earthquake (several unpromoted detections)
1033,66.289,-157.1677,13.1151,1551301799,3485,13,1.31,0.3648,-,earthquake
2,66.3713,-157.108,4.7804,1549015895,2246,11,1.32,0.6558,-,earthquake
131,66.3226,-157.2156,1.3647,1549808390,2398,6,1.32,0.2734,-,earthquake
166,66.358,-157.1164,5.0695,1549817707,2443,7,1.32,0.4273,-,earthquake
218,66.3287,-157.1703,8.1436,1549831612,2517,11,1.32,0.2959,-,earthquake — lots of clear detections missing
281,66.3046,-157.2023,11.8979,1549889061,2598,16,1.32,0.4279,-,earthquake — lots of clear detections missing
453,66.3016,-157.1827,11.149,1550248020,2800,12,1.32,0.4386,-,earthquake
461,66.3047,-157.1864,10.8949,1550256180,2809,15,1.32,0.6629,-,earthquake
470,66.2974,-157.2107,12.0561,1550265245,2818,15,1.32,0.3802,-,earthquake
480,66.3105,-157.2244,10.4798,1550272784,2832,12,1.32,0.4667,-,earthquake
662,66.322,-157.1822,8.1953,1550649113,3045,10,1.32,0.549,-,earthquake
976,66.314,-157.1846,10.8681,1551232770,3414,13,1.32,0.6125,-,earthquake
15,66.1693,-158.2916,9.8988,1549234766,2263,16,1.33,0.6642,-,earthquake (proceeds larger event)
108,66.3224,-157.2194,9.7103,1549805394,2364,9,1.33,0.5787,-,"earthquake (small, low SNR)  |  START OF PURCELL MOUNTAIN SWARM ACTIVITY"
141,66.3329,-157.1898,9.3814,1549810810,2411,11,1.33,0.3584,-,earthquake
269,66.3133,-157.2042,12.6869,1549877382,2581,10,1.33,0.262,-,earthquake
303,66.3063,-157.22,0,1549918531,2624,12,1.33,0.647,-,earthquake — lots of clear detections missing
407,66.3011,-157.2189,11.056,1550140237,2745,13,1.33,0.4733,-,earthquake
423,66.2733,-157.2459,1.2357,1550200700,2762,12,1.33,0.4813,-,earthquake — lots of clear detections missing
525,66.2899,-157.198,4.9055,1550341363,2884,9,1.33,0.4937,-,earthquake
548,66.3239,-157.1746,9.0369,1550414259,2910,10,1.33,0.6086,-,earthquake
697,66.2678,-157.234,6.3623,1550740353,3084,8,1.33,0.9745,-,earthquake
797,66.3175,-157.2005,9.0149,1550929737,3202,9,1.33,0.2823,-,earthquake
971,66.2594,-157.2467,11.3629,1551231267,3408,11,1.33,0.5545,-,earthquake
7,66.2946,-157.3965,12.37,1549110709,2255,13,1.34,0.7124,-,earthquake
239,65.8684,-156.3417,17.2079,1549840758,2544,7,1.34,0.1267,-,"earthquake (noisy, low SNR)"
246,66.2979,-157.1998,12.4813,1549847368,2551,14,1.34,0.3635,-,earthquake — lots of clear detections missing
491,66.3843,-157.1793,9.4843,1550275110,2848,7,1.34,0.5216,-,earthquake
638,66.3057,-157.2136,8.6503,1550598094,3014,13,1.34,0.7546,-,"earthquake — missing clear, impulsive phase arrivals "
761,66.3462,-157.1807,10.0645,1550858866,3160,8,1.34,0.4183,-,earthquake
973,66.3013,-157.202,10.6102,1551231603,3411,14,1.34,0.4462,-,earthquake
1038,66.2954,-157.192,10.3126,1551310000,3490,9,1.34,0.4759,-,"earthquake — missing multiple clear, impulsive arrivals"
149,66.3216,-157.2023,10.0225,1549813189,2421,6,1.35,0.3956,-,earthquake
193,66.3098,-157.2366,8.5085,1549823474,2485,7,1.35,0.604,-,"earthquake (in coda of preceeding event, first station (G19K) missed detection)"
201,66.3223,-157.1617,6.9994,1549826046,2495,9,1.35,0.2323,-,earthquake
284,66.2922,-157.2074,11.9825,1549892008,2601,11,1.35,0.4466,-,earthquake
307,66.3028,-157.2037,12.2385,1549928533,2628,9,1.35,0.403,-,earthquake
370,66.3377,-157.2002,8.6371,1550076176,2705,10,1.35,0.7453,-,earthquake
574,66.3103,-157.2085,9.4896,1550464883,2942,13,1.35,0.3609,-,earthquake
689,65.857,-156.3637,15.5228,1550723159,3074,11,1.35,0.6303,-,earthquake
848,66.289,-157.1821,10.8238,1551106277,3257,16,1.35,0.705,-,earthquake
880,66.3018,-157.1783,10.1209,1551156375,3296,19,1.35,0.5109,-,earthquake
933,66.3001,-157.1775,10.7909,1551194862,3360,13,1.35,0.3381,-,earthquake
996,66.2916,-157.1824,11.7185,1551264024,3436,13,1.35,0.373,-,earthquake
1012,66.2943,-157.1983,10.9749,1551279103,3460,14,1.35,0.4114,-,earthquake
1030,66.3017,-157.1859,9.107,1551301334,3481,10,1.35,0.535,-,earthquake
1031,66.2929,-157.1836,10.2787,1551301652,3482,15,1.35,0.4877,-,earthquake
1062,66.3011,-157.1747,10.6549,1551363839,3516,10,1.35,0.1711,-,earthquake
1068,66.3068,-157.1698,11.5497,1551378257,3523,10,1.35,0.3992,-,"earthquake — missing many clear, impulsive P-phase arrivals"
95,66.1725,-158.2484,13.9751,1549750908,2350,11,1.36,0.3923,-,earthquake
280,66.3176,-157.1757,11.4953,1549888841,2597,11,1.36,0.6606,-,earthquake
437,66.3043,-157.204,10.3507,1550229407,2780,17,1.36,0.6539,-,earthquake
455,66.2993,-157.2125,11.4901,1550248654,2802,15,1.36,0.3876,-,earthquake
524,66.2544,-157.2265,12.3585,1550341062,2883,11,1.36,0.267,-,earthquake
926,66.2915,-157.1772,11.9532,1551184397,3352,18,1.36,0.3388,-,earthquake
928,66.3037,-157.1958,9.6485,1551184684,3354,14,1.36,0.5324,-,earthquake
991,66.3042,-157.1885,11.7154,1551260591,3432,16,1.36,0.5908,-,earthquake
1046,66.289,-157.2255,8.4849,1551327246,3500,12,1.36,0.6819,-,earthquake
82,66.1643,-158.2378,12.3798,1549698617,2337,17,1.37,0.5409,-,earthquake
209,66.3351,-157.2149,10.8237,1549828901,2506,8,1.37,0.6,-,earthquake
479,66.3186,-157.2197,10.5909,1550272644,2831,13,1.37,0.5291,D,duplicate of MATCHED evid #2837
521,66.3021,-157.2088,11.1736,1550330457,2879,9,1.37,0.3976,-,earthquake
782,66.3241,-157.2031,11.7262,1550901576,3184,16,1.37,0.707,-,earthquake
852,66.3595,-157.266,9.8951,1551113938,3261,9,1.37,0.9493,-,earthquake (several unpromoted detections)
917,66.3004,-157.2023,9.2098,1551175343,3341,13,1.37,0.6792,-,"earthquake — missing many clear, impulsive phase arrivals "
725,66.2715,-157.2309,12.7904,1550794848,3119,13,1.38,0.9056,-,earthquake
875,66.3094,-157.1923,9.4325,1551155694,3290,13,1.38,0.4314,-,earthquake
950,66.3216,-157.193,11.6712,1551208542,3382,15,1.38,0.4259,-,earthquake
1042,66.293,-157.1786,11.3228,1551319933,3496,14,1.38,0.3359,-,earthquake
1056,66.2913,-157.1835,10.9666,1551356105,3510,16,1.38,0.3405,-,earthquake
1069,66.3147,-157.1743,8.5021,1551384141,3524,8,1.38,0.4249,-,"earthquake — missing many clear, impulsive phase arrivals"
90,66.157,-158.2335,11.6479,1549712321,2345,19,1.39,0.5749,-,earthquake
234,66.3277,-157.1931,9.6386,1549839214,2537,14,1.39,0.6774,-,earthquake
366,66.1687,-157.206,9.2737,1550070119,2700,10,1.39,1.0384,-,earthquake (missing many impulsive P-arrivals)
502,66.3452,-157.2193,9.3381,1550288757,2860,11,1.39,0.8055,-,earthquake
583,66.2742,-157.2252,12.1214,1550485076,2951,11,1.39,0.9498,-,earthquake
920,66.2958,-157.1759,9.921,1551177917,3344,13,1.39,0.4415,-,earthquake
205,66.3159,-157.2194,10,1549827556,2499,9,1.4,-1,-,"earthquake (first of three, quick succession)"
223,66.4575,-157.1704,0,1549836672,2523,10,1.4,1.7854,-,earthquake
402,66.3019,-157.2156,0.0593,1550135399,2739,14,1.4,0.7723,-,earthquake
410,66.311,-157.2147,9.8972,1550149409,2749,8,1.4,0.4925,-,earthquake
427,66.3088,-157.2136,10.3601,1550205510,2767,14,1.4,0.5507,-,earthquake
456,66.3116,-157.1862,10.864,1550249101,2803,14,1.4,0.5597,-,earthquake — lots of clear detections missing 
789,66.3153,-157.1646,0.0927,1550912118,3192,15,1.4,0.4502,-,earthquake
835,66.3235,-157.2075,11.4946,1551062078,3242,17,1.4,0.4654,-,earthquake
1055,66.3242,-157.2057,7.0421,1551349455,3509,6,1.4,0.5392,-,earthquake (several unpromoted detections)
263,66.3085,-157.2261,1.176,1549865225,2574,11,1.41,0.5803,-,earthquake — lots of clear detections missing
454,66.3109,-157.2188,0,1550248119,2801,8,1.41,0.3146,-,earthquake
718,66.4172,-157.2377,5.0325,1550763791,3112,8,1.41,0.6883,-,earthquake
986,66.289,-157.1744,11.6886,1551256011,3427,16,1.41,0.3147,-,earthquake
1027,66.298,-157.1864,11.0746,1551295061,3478,14,1.41,0.3787,-,earthquake
83,66.217,-158.4048,0.1282,1549704026,2338,11,1.42,0.706,-,earthquake
157,66.2543,-157.2346,2.5569,1549814655,2432,8,1.42,0.692,-,earthquake
165,66.3581,-157.1389,8.1264,1549817621,2442,12,1.42,0.6661,-,earthquake
210,66.3125,-157.2138,5.0471,1549829028,2507,13,1.42,0.7557,-,earthquake (preceeds larger event)
220,66.2919,-157.2096,10.9535,1549832830,2519,12,1.42,0.4425,-,earthquake
758,66.2991,-157.2226,6.1685,1550849903,3156,19,1.42,0.8223,-,earthquake
974,66.2927,-157.1781,11.6646,1551231945,3412,15,1.42,0.5481,-,earthquake
1057,66.3155,-157.1942,10.9776,1551356174,3511,11,1.42,0.23,-,earthquake
228,66.2738,-157.228,10.3302,1549838204,2529,10,1.43,0.2738,-,earthquake
283,66.2873,-157.1777,12.3878,1549891460,2600,14,1.43,0.3481,-,earthquake
522,66.2703,-157.2453,4.3922,1550335827,2880,14,1.43,0.7265,-,earthquake
854,66.2533,-157.1953,1.1657,1551121110,3263,7,1.43,1.4227,-,"earthquake — missing many clear, impulsive phase arrivals"
930,66.3093,-157.203,10.0629,1551188619,3357,14,1.43,0.6411,-,earthquake
993,66.2949,-157.1756,9.7617,1551263426,3434,12,1.43,0.4832,-,earthquake
56,66.1622,-158.2597,5.7248,1549606881,2309,24,1.44,0.612,-,earthquake
184,66.3126,-157.2008,8.3222,1549822553,2471,9,1.44,0.6471,-,earthquake
481,66.3116,-157.2229,0.1819,1550272985,2833,11,1.44,0.3689,-,earthquake
493,66.3123,-157.2216,10.8508,1550278523,2850,14,1.44,0.2781,-,earthquake
943,66.2985,-157.1848,9.6884,1551203494,3374,17,1.44,0.6498,-,earthquake
290,66.2666,-157.2051,13.3088,1549895188,2608,12,1.45,0.6471,-,earthquake
670,66.2866,-157.2159,10.2472,1550667328,3053,15,1.45,0.6875,-,earthquake
742,66.3085,-157.1902,10.3225,1550822875,3138,15,1.45,0.3612,-,earthquake
788,66.303,-157.1703,0.942,1550912047,3191,16,1.45,0.4394,-,earthquake
889,66.3013,-157.2045,11.2238,1551159784,3309,17,1.45,0.4141,-,earthquake
182,66.3176,-157.2023,11.7504,1549822393,2468,11,1.46,0.3723,-,earthquake (directly proceeds larger earthquake)
212,66.3082,-157.1947,11.1416,1549829419,2510,9,1.46,0.4909,-,earthquake (smaller event in coda not detected)
243,66.4284,-157.0917,6.1259,1549843468,2548,8,1.46,0.8557,-,earthquake — lots of clear detections missing
353,66.2725,-157.2016,12.6848,1550036409,2685,8,1.46,0.2118,-,earthquake
400,66.2913,-157.1833,11.9137,1550129821,2737,13,1.46,0.3659,-,earthquake
696,66.2689,-157.2575,11.1414,1550736416,3082,9,1.46,0.9829,-,earthquake — missing many clear phase arrivals
708,66.2873,-157.328,8.4058,1550749816,3098,8,1.46,1.2509,-,"earthquake (in coda of preceeding, larger event)"
902,66.3083,-157.1939,8.568,1551168012,3323,13,1.46,0.4516,-,earthquake
939,66.3275,-157.2166,0.1607,1551201475,3368,5,1.46,0.5898,-,earthquake
948,66.2446,-157.2058,14.0221,1551207972,3379,11,1.46,0.5429,-,earthquake
1054,66.4591,-157.1524,0,1551343215,3508,7,1.46,1.0256,-,earthquake (small)
25,66.1461,-158.2661,11.4377,1549323813,2273,21,1.47,0.7036,-,earthquake
67,66.1627,-158.338,9.2701,1549638395,2322,13,1.47,0.6391,-,earthquake
100,66.3119,-157.218,3.0421,1549765452,2355,19,1.47,0.6342,-,earthquake
187,66.061,-157.177,3.9932,1549822724,2473,10,1.47,1.5956,-,earthquake (directly proceeds larger earthquake)
252,66.3062,-157.1998,12.5984,1549853365,2560,14,1.47,0.3764,-,earthquake — lots of clear detections missing
482,66.3106,-157.2145,9.7722,1550273171,2835,16,1.47,0.6219,-,earthquake
533,66.2959,-157.1901,10.3292,1550356134,2893,12,1.47,0.3417,-,earthquake
1051,66.3146,-157.1775,7.8151,1551336476,3505,15,1.47,0.6314,-,earthquake
268,66.3007,-157.1915,12.3283,1549874702,2580,14,1.48,0.3507,-,earthquake (undetected/unlocated smaller event in coda)
500,66.3053,-157.2121,11.3008,1550286111,2858,10,1.48,0.2528,-,earthquake
663,66.28,-157.3203,10.1231,1550649186,3046,14,1.48,0.644,-,earthquake
850,66.3353,-157.2195,9.4208,1551110978,3259,15,1.48,0.7384,-,earthquake
980,66.3324,-157.2263,9.7529,1551241253,3420,11,1.48,0.789,-,earthquake (several unpromoted detections)
994,66.3105,-157.2127,0.0497,1551263467,3435,13,1.48,0.6611,-,earthquake
346,66.3278,-157.4761,11.0792,1550029560,2674,10,1.49,0.4414,-,earthquake
652,66.2909,-157.1896,11.8747,1550621517,3033,13,1.49,0.4355,-,earthquake
826,66.3045,-157.1988,9.7158,1551026452,3233,11,1.49,0.4144,-,earthquake
1007,66.2977,-157.1778,10.9747,1551276674,3455,15,1.49,0.2992,-,earthquake
264,66.2907,-157.1905,13.395,1549867052,2576,13,1.5,0.1363,-,earthquake
292,66.17,-158.2139,0.0724,1549898251,2611,19,1.5,0.708,-,earthquake
432,66.2784,-157.2262,0.452,1550214565,2774,10,1.5,0.4679,-,earthquake (proceeds larger event)
498,66.3115,-157.2213,7.0671,1550283107,2856,5,1.5,0.4562,-,"earthquake (in coda of preceeding, larger event)"
931,66.3047,-157.2145,0.0056,1551191800,3358,15,1.5,0.5829,-,earthquake — missing many clear phase arrivals
979,66.2654,-157.223,0.0015,1551240495,3418,13,1.5,1.0392,-,earthquake
155,66.312,-157.2022,10.9494,1549814407,2428,14,1.51,0.754,-,earthquake
236,66.2994,-157.1999,10.9829,1549839582,2541,14,1.51,0.3898,-,earthquake
534,66.3017,-157.1767,8.17,1550358216,2894,11,1.51,0.688,-,earthquake
762,66.2862,-157.2151,10.8645,1550860364,3161,14,1.51,0.5144,-,earthquake
792,66.3196,-157.2119,4.1809,1550926231,3196,21,1.51,0.5872,-,earthquake
847,66.0989,-157.1883,0.0179,1551103773,3255,10,1.51,1.994,-,earthquake
235,66.3326,-157.2179,8.8621,1549839310,2539,7,1.52,0.5938,-,earthquake
274,66.1742,-158.1958,0.0913,1549882370,2588,17,1.52,0.6849,-,earthquake
494,66.3142,-157.2191,7.5867,1550278640,2851,18,1.52,0.5876,-,earthquake
947,66.2917,-157.1878,10.1436,1551207938,3378,12,1.52,0.4849,-,earthquake
338,66.3159,-157.2194,10,1550014717,2666,7,1.53,-1,-,earthquake
411,66.3007,-157.188,5.7611,1550151771,2750,9,1.53,0.7912,-,earthquake
492,65.9925,-157.274,41.395,1550275186,2849,8,1.53,2.5888,-,earthquake (poor location)
677,66.3041,-157.1962,3.528,1550677053,3062,13,1.53,0.4171,-,"earthquake — missing clear, impulsive phase arrivals"
117,66.2863,-157.1981,0.2155,1549806774,2375,15,1.54,0.7819,-,earthquake
136,66.2894,-157.2104,11.3928,1549809725,2403,14,1.54,0.455,-,earthquake
196,66.3049,-157.2065,7.4697,1549824234,2488,12,1.54,0.5795,-,earthquake
206,66.1684,-158.2374,11.1106,1549827607,2500,13,1.54,0.5246,-,earthquake
294,66.3042,-157.2237,0.0239,1549901272,2613,10,1.54,0.6925,-,earthquake — lots of clear detections missing
517,66.3553,-156.9941,4.2147,1550320909,2875,8,1.54,0.5295,-,earthquake
899,66.2644,-157.2089,0.1561,1551164647,3320,8,1.54,0.3884,-,earthquake
535,66.3413,-157.188,9.871,1550360445,2895,9,1.55,0.6908,-,earthquake
272,66.3055,-157.1775,11.2962,1549879008,2585,9,1.56,0.56,-,earthquake
508,66.3164,-157.1769,8.0494,1550302743,2866,6,1.56,0.5461,-,"earthquake (small, low SNR)"
672,66.2836,-157.2425,10.1098,1550671229,3055,9,1.57,1.0011,-,earthquake
784,66.3718,-157.1341,8.3668,1550903413,3186,11,1.57,1.0381,-,earthquake
912,66.2813,-157.2716,35.4224,1551171905,3335,9,1.57,1.1984,-,earthquake — missing phase arrivals at multiple near source stations
941,66.2944,-157.1844,10.5374,1551202951,3372,18,1.57,0.4663,-,earthquake
113,66.2918,-157.213,11.2094,1549806453,2370,16,1.58,0.4286,-,earthquake
134,66.3116,-157.2026,4.5563,1549809613,2401,5,1.59,0.0838,-,earthquake (only one P-arrival)
112,66.2999,-157.2122,4.4646,1549806382,2369,16,1.6,0.6659,-,earthquake
267,66.3174,-157.2039,1.7474,1549874136,2579,7,1.61,0.3071,-,earthquake
322,66.3562,-157.087,9.8259,1549957103,2648,9,1.61,0.6693,-,earthquake
65,66.149,-158.2627,10.0497,1549631526,2320,18,1.62,0.5714,-,earthquake
276,66.2325,-157.2218,0,1549884433,2592,6,1.62,0.5007,-,"earthquake (very small, low SNR)"
316,66.311,-157.181,11.2249,1549945501,2642,6,1.63,0.2008,-,earthquake
870,66.3058,-157.1921,6.9951,1551155039,3283,7,1.63,0.3244,-,"earthquake (overriding coda of smaller, preceeding event)"
309,66.2845,-157.1697,13.6874,1549930717,2631,8,1.64,0.3976,-,earthquake — lots of clear detections missing
329,66.2933,-157.1692,12.7303,1549970621,2657,8,1.67,0.3994,-,earthquake
540,66.7222,-156.8001,15.7163,1550380145,2901,4,1.68,0.5426,D,duplicate of MATCHED evid #2902 (appreas to be regional event combined with local)
324,66.302,-157.1935,13.0547,1549960299,2651,9,1.73,0.3697,-,earthquake — lots of clear detections missing
433,66.3965,-157.2817,15.6399,1550214618,2775,10,1.73,0.8466,-,earthquake (larger event) — missing lots of clear phase arrivals
288,66.3086,-156.9778,12.625,1549894968,2605,12,1.81,0.7833,-,earthquake
474,66.3284,-157.2807,10.523,1550271655,2824,7,1.81,0.2634,-,earthquake
325,66.3098,-157.1883,12.0431,1549961340,2653,8,1.9,0.551,-,earthquake — lots of clear detections missing
138,66.6805,-156.3887,0,1549809822,2406,6,1.95,2.7764,-,earthquake (overlapping event with MATCHED evid #2405)
232,66.2949,-157.2234,1.4763,1549838892,2535,26,2.04,0.6521,-,earthquake
859,66.2802,-157.2221,13.77,1551129583,3269,18,2.06,0.6762,-,earthquake
251,66.2452,-157.2378,59.8823,1549849918,2559,4,2.42,0.169,D,same as MATCHED evid #2556
866,66.2791,-157.2491,0.4347,1551154278,3278,9,2.65,0.6012,-,earthquake (in coda of larger preceeding event)