,lat,lon,depth,time,evid,nass,ml,sdobs,etype
1,66.2382,-157.3825,8.3591,1549007882.03669,2245,7,-999.0,0.0896,-
2,66.3713,-157.108,4.7804,1549015894.566,2246,11,1.32,0.6558,-
7,66.2946,-157.3965,12.37,1549110709.4657,2255,13,1.34,0.7124,-
8,66.171,-157.2242,9.1351,1549129602.80737,2256,7,-999.0,0.4142,-
10,66.168,-158.2393,14.4211,1549142222.89407,2258,8,1.23,0.1562,-
13,66.3229,-157.2156,9.1106,1549198867.507,2261,6,-999.0,0.447,-
15,66.1693,-158.2916,9.8988,1549234766.49503,2263,16,1.33,0.6642,-
17,66.0876,-158.1612,1.1707,1549238540.16212,2265,7,-999.0,0.547,-
21,66.0849,-158.1627,14.7538,1549271902.339,2269,12,-999.0,0.7789,-
24,66.3334,-157.2964,9.553,1549317597.87591,2272,14,-999.0,0.6733,-
25,66.1461,-158.2661,11.4377,1549323812.96111,2273,21,1.47,0.7036,-
27,66.3352,-157.2275,10.6007,1549349758.12974,2275,13,1.26,0.6115,-
31,66.1039,-157.4245,1.9045,1549366201.26123,2280,8,-999.0,0.7066,-
34,66.232,-157.4496,4.7843,1549371955.42098,2284,7,-999.0,0.8297,-
48,66.1465,-158.2603,9.9002,1549589489.49163,2300,14,1.23,0.4871,-
53,66.1741,-158.2567,4.5571,1549599161.74698,2306,8,-999.0,0.2135,-
54,66.1538,-158.2876,11.5899,1549599816.84765,2307,11,-999.0,0.5499,-
56,66.1622,-158.2597,5.7248,1549606880.59234,2309,24,1.44,0.612,-
59,66.2939,-157.2509,4.6071,1549618457.97048,2313,14,1.29,0.6445,-
61,66.1652,-158.276,6.2798,1549623689.64245,2315,24,1.23,0.5843,-
62,66.1707,-158.2455,13.7662,1549623789.90028,2316,9,-999.0,0.4327,-
63,66.1646,-158.164,5.1584,1549628769.45362,2318,6,-999.0,0.4821,-
65,66.149,-158.2627,10.0497,1549631525.69626,2320,18,1.62,0.5714,-
67,66.1627,-158.338,9.2701,1549638395.26245,2322,13,1.47,0.6391,-
68,66.1653,-158.2714,10.6581,1549639982.6863,2323,13,1.18,0.4172,-
71,66.2871,-157.2806,0.0966,1549647685.17583,2326,7,0.84,0.3514,-
78,66.1721,-158.2519,15.1574,1549690990.46258,2333,10,-999.0,0.1848,-
80,66.1578,-158.2594,10.9283,1549691851.82013,2335,19,1.19,0.5603,-
81,66.1858,-158.2493,12.8756,1549698318.97668,2336,9,-999.0,0.4867,-
82,66.1643,-158.2378,12.3798,1549698616.89562,2337,17,1.37,0.5409,-
83,66.217,-158.4048,0.1282,1549704025.87007,2338,11,1.42,0.706,-
87,66.3152,-157.2135,1.9102,1549710061.37291,2342,13,1.3,0.5014,-
90,66.157,-158.2335,11.6479,1549712321.02694,2345,19,1.39,0.5749,-
91,66.1761,-158.2454,16.0244,1549716444.36237,2346,7,-999.0,0.1706,-
92,66.0836,-158.1564,0.4362,1549720285.04305,2347,7,-999.0,0.5154,-
93,66.3252,-157.3454,7.6283,1549727064.23194,2348,10,1.31,0.8076,-
95,66.1725,-158.2484,13.9751,1549750907.50234,2350,11,1.36,0.3923,-
96,66.1682,-158.2139,5.3188,1549752281.81349,2351,18,-999.0,0.6142,-
98,66.3174,-157.1933,12.4384,1549764861.93225,2353,9,-999.0,0.3586,-
100,66.3119,-157.218,3.0421,1549765452.01571,2355,19,1.47,0.6342,-
101,66.3055,-157.1974,11.9856,1549765566.19545,2356,7,-999.0,0.2492,-
102,66.3127,-157.2164,4.8812,1549766818.64511,2358,10,-999.0,0.7872,-
103,66.3255,-157.2147,12.62,1549770604.74844,2359,7,-999.0,0.308,-
104,66.3479,-157.2141,8.8592,1549773608.84079,2360,9,1.18,0.4395,-
105,66.4101,-157.2528,1.2962,1549777879.8121,2361,6,-999.0,0.8968,-
106,66.2977,-157.2207,10.2238,1549787161.61606,2362,7,-999.0,0.1642,-
108,66.3224,-157.2194,9.7103,1549805394.2268,2364,9,1.33,0.5787,-
112,66.2999,-157.2122,4.4646,1549806382.00139,2369,16,1.6,0.6659,-
113,66.2918,-157.213,11.2094,1549806453.26241,2370,16,1.58,0.4286,-
114,66.0902,-157.2064,0.0151,1549806536.92372,2371,8,-999.0,1.125,-
117,66.2863,-157.1981,0.2155,1549806773.66753,2375,15,1.54,0.7819,-
126,66.1354,-157.2384,0.0005,1549807950.30843,2391,10,1.24,1.3928,-
128,66.3095,-157.2175,10.1816,1549808291.16579,2395,11,-999.0,0.653,-
129,66.0819,-157.1967,1.4544,1549808519.63708,2396,7,-999.0,1.0698,-
130,66.3233,-157.1997,2.1377,1549808865.49978,2397,12,-999.0,0.6848,-
131,66.3226,-157.2156,1.3647,1549808390.46584,2398,6,1.32,0.2734,-
134,66.3116,-157.2026,4.5563,1549809612.5409,2401,5,1.59,0.0838,-
135,66.2955,-157.2197,1.5926,1549809669.9363,2402,14,1.18,0.9593,-
136,66.2894,-157.2104,11.3928,1549809725.28593,2403,14,1.54,0.455,-
138,66.6805,-156.3887,0.0,1549809822.0666,2406,6,1.95,2.7764,-
139,66.3148,-157.2139,0.0446,1549810173.33051,2408,7,-999.0,0.459,-
140,66.3339,-157.2139,0.0122,1549810192.1596,2409,7,-999.0,0.4098,-
141,66.3329,-157.1898,9.3814,1549810809.58953,2411,11,1.33,0.3584,-
142,66.2561,-157.1935,0.001,1549811094.97175,2412,6,-999.0,0.5523,-
143,66.3056,-157.2117,9.7397,1549811157.7982,2413,7,-999.0,0.1663,-
144,66.277,-157.2086,12.3717,1549811774.82673,2414,15,1.22,0.475,-
145,66.3547,-157.2302,11.3547,1549811800.95323,2415,9,1.23,1.3091,-
148,66.298,-157.1857,12.1798,1549812790.78552,2419,8,-999.0,0.4814,-
149,66.3216,-157.2023,10.0225,1549813189.35889,2421,6,1.35,0.3956,-
150,66.3211,-157.2372,10.0787,1549813548.54737,2422,12,1.28,0.633,-
151,66.2988,-157.1888,11.1768,1549813535.06977,2423,5,1.2,0.131,-
152,66.2886,-157.2065,10.7613,1549813887.66414,2424,14,1.26,0.4749,-
154,66.1187,-157.2452,2.425,1549814266.27012,2427,6,-999.0,0.8446,-
155,66.312,-157.2022,10.9494,1549814406.93846,2428,14,1.51,0.754,-
157,66.2543,-157.2346,2.5569,1549814655.09512,2432,8,1.42,0.692,-
159,66.3196,-157.2189,0.149,1549815378.38132,2434,12,-999.0,0.6302,-
160,66.3159,-157.2194,10.0,1549815515.57795,2435,5,-999.0,-1.0,-
161,66.3174,-157.203,9.0539,1549815813.5517,2436,12,1.17,0.4381,-
163,66.3212,-157.2193,0.0564,1549817043.404,2439,7,1.29,0.3723,-
165,66.3581,-157.1389,8.1264,1549817620.70577,2442,12,1.42,0.6661,-
166,66.358,-157.1164,5.0695,1549817707.47972,2443,7,1.32,0.4273,-
168,66.4344,-157.1936,0.3374,1549818085.54804,2446,7,-999.0,0.7993,-
170,66.3039,-157.2007,13.9097,1549818334.19594,2449,10,-999.0,0.7474,-
172,66.2848,-157.2046,10.1487,1549818803.20549,2452,8,-999.0,0.2045,-
176,66.3428,-157.2071,0.0731,1549820350.72523,2458,6,-999.0,0.6606,-
178,66.3235,-157.222,10.4436,1549821554.07055,2462,10,1.13,0.522,-
180,66.3072,-157.2144,9.4144,1549821720.49103,2465,8,-999.0,0.2597,-
182,66.3176,-157.2023,11.7504,1549822392.55312,2468,11,1.46,0.3723,-
184,66.3126,-157.2008,8.3222,1549822553.09183,2471,9,1.44,0.6471,-
185,66.2918,-157.1933,11.4705,1549822604.19469,2472,7,-999.0,0.1481,-
187,66.061,-157.177,3.9932,1549822724.26744,2473,10,1.47,1.5956,-
191,66.2962,-157.1899,11.0775,1549823332.61158,2481,12,-999.0,0.417,-
193,66.3098,-157.2366,8.5085,1549823474.1389,2485,7,1.35,0.604,-
196,66.3049,-157.2065,7.4697,1549824233.97716,2488,12,1.54,0.5795,-
197,66.3049,-157.1995,7.8824,1549824414.17298,2489,8,-999.0,0.5949,-
198,66.3218,-157.2181,10.0663,1549824579.97753,2490,9,-999.0,0.6432,-
199,66.2946,-157.4286,14.5795,1549824822.58394,2493,5,-999.0,0.4186,-
200,66.1127,-157.2525,2.8352,1549825533.5291,2494,9,-999.0,1.0389,-
201,66.3223,-157.1617,6.9994,1549826046.1172,2495,9,1.35,0.2323,-
203,66.3548,-157.2119,12.0944,1549827050.23235,2497,12,1.31,0.6681,-
204,66.3146,-157.2175,5.6638,1549827209.01426,2498,9,-999.0,0.6079,-
205,66.3159,-157.2194,10.0,1549827556.10306,2499,9,1.4,-1.0,-
206,66.1684,-158.2374,11.1106,1549827607.12544,2500,13,1.54,0.5246,-
207,66.3128,-157.1708,12.0962,1549827661.75311,2501,8,-999.0,0.3256,-
208,66.3048,-157.2151,0.0075,1549828634.50195,2505,10,-999.0,0.4036,-
209,66.3351,-157.2149,10.8237,1549828901.0815,2506,8,1.37,0.6,-
210,66.3125,-157.2138,5.0471,1549829027.54275,2507,13,1.42,0.7557,-
212,66.3082,-157.1947,11.1416,1549829418.84471,2510,9,1.46,0.4909,-
213,66.1236,-157.2302,0.0012,1549829655.68893,2511,6,-999.0,0.7499,-
214,66.404,-157.2267,10.289,1549829845.79022,2513,4,-999.0,0.1755,-
216,66.2327,-157.1485,11.0732,1549830259.79056,2515,9,1.14,0.3841,-
217,66.2997,-157.2127,8.7719,1549830853.19437,2516,8,-999.0,0.5363,-
218,66.3287,-157.1703,8.1436,1549831612.24434,2517,11,1.32,0.2959,-
219,66.3048,-157.2206,0.0218,1549832077.79658,2518,6,1.31,0.4398,-
220,66.2919,-157.2096,10.9535,1549832829.54589,2519,12,1.42,0.4425,-
222,66.3045,-157.2144,10.6511,1549835206.74302,2522,14,1.27,0.4441,-
223,66.4575,-157.1704,0.0,1549836672.21516,2523,10,1.4,1.7854,-
226,66.312,-157.1928,10.3853,1549837863.44768,2527,13,1.2,0.3755,-
227,66.273,-157.2172,4.3026,1549837968.87991,2528,8,-999.0,1.2356,-
228,66.2738,-157.228,10.3302,1549838204.39056,2529,10,1.43,0.2738,-
229,66.3492,-157.2048,9.9898,1549838559.23891,2530,13,1.31,0.8555,-
230,66.3001,-157.2137,11.9386,1549838703.17994,2532,16,1.3,0.3888,-
232,66.2949,-157.2234,1.4763,1549838892.14508,2535,26,2.04,0.6521,-
234,66.3277,-157.1931,9.6386,1549839214.45458,2537,14,1.39,0.6774,-
235,66.3326,-157.2179,8.8621,1549839309.94916,2539,7,1.52,0.5938,-
236,66.2994,-157.1999,10.9829,1549839581.63402,2541,14,1.51,0.3898,-
238,66.3122,-157.2157,5.6684,1549840313.94426,2543,9,1.27,0.7751,-
239,65.8684,-156.3417,17.2079,1549840757.63434,2544,7,1.34,0.1267,-
242,66.3056,-157.2046,11.896,1549842172.27369,2547,5,-999.0,0.1924,-
243,66.4284,-157.0917,6.1259,1549843467.66432,2548,8,1.46,0.8557,-
246,66.2979,-157.1998,12.4813,1549847367.84286,2551,14,1.34,0.3635,-
247,66.2968,-157.1854,12.0098,1549847599.94385,2552,10,1.23,0.4251,-
248,66.3096,-157.159,15.6331,1549848748.64032,2554,6,1.18,0.2317,-
249,66.319,-157.2154,0.015,1549849442.96009,2555,9,-999.0,0.7533,-
251,66.2452,-157.2378,59.8823,1549849917.7038,2559,4,2.42,0.169,-
252,66.3062,-157.1998,12.5984,1549853364.70495,2560,14,1.47,0.3764,-
255,66.2935,-157.1847,12.3117,1549856941.62203,2565,13,1.17,0.342,-
256,66.3169,-157.2165,11.025,1549857603.91624,2566,8,-999.0,0.2593,-
258,66.3157,-157.1429,11.3888,1549861033.36331,2568,10,1.2,0.4452,-
259,66.3029,-157.1699,11.9725,1549863809.94871,2569,10,-999.0,0.2797,-
260,66.3007,-157.2143,11.124,1549864442.97163,2570,9,-999.0,0.6159,-
261,66.3199,-157.109,15.7986,1549864565.08265,2571,5,-999.0,0.2753,-
262,66.4136,-157.175,13.5608,1549864614.67923,2572,8,-999.0,1.7789,-
263,66.3085,-157.2261,1.176,1549865225.28446,2574,11,1.41,0.5803,-
264,66.2907,-157.1905,13.395,1549867052.26702,2576,13,1.5,0.1363,-
265,66.3085,-157.1898,13.626,1549869868.01743,2577,9,1.28,0.1823,-
267,66.3174,-157.2039,1.7474,1549874136.15674,2579,7,1.61,0.3071,-
268,66.3007,-157.1915,12.3283,1549874702.36625,2580,14,1.48,0.3507,-
269,66.3133,-157.2042,12.6869,1549877381.77124,2581,10,1.33,0.262,-
270,66.3172,-157.2175,8.4704,1549877593.49502,2582,9,1.15,0.5345,-
272,66.3055,-157.1775,11.2962,1549879007.57409,2585,9,1.56,0.56,-
273,66.2951,-157.2,13.3463,1549880864.41274,2586,9,-999.0,0.4498,-
274,66.1742,-158.1958,0.0913,1549882369.94613,2588,17,1.52,0.6849,-
276,66.2325,-157.2218,0.0,1549884432.85749,2592,6,1.62,0.5007,-
277,66.308,-157.2084,11.9733,1549886467.82305,2593,13,1.3,0.4232,-
278,66.3013,-157.193,13.199,1549886789.54458,2594,6,-999.0,0.1147,-
279,66.2817,-157.1998,13.093,1549887683.93597,2595,12,-999.0,0.4017,-
280,66.3176,-157.1757,11.4953,1549888841.38311,2597,11,1.36,0.6606,-
281,66.3046,-157.2023,11.8979,1549889060.85783,2598,16,1.32,0.4279,-
283,66.2873,-157.1777,12.3878,1549891460.2401,2600,14,1.43,0.3481,-
284,66.2922,-157.2074,11.9825,1549892008.44436,2601,11,1.35,0.4466,-
285,66.305,-157.1993,11.7987,1549892585.41156,2602,11,-999.0,0.3763,-
286,66.2853,-157.1901,12.5039,1549892718.592,2603,12,1.29,0.4356,-
287,66.293,-157.1862,12.9581,1549892798.13011,2604,10,-999.0,0.3443,-
288,66.3086,-156.9778,12.625,1549894967.65797,2605,12,1.81,0.7833,-
289,66.3221,-157.221,0.752,1549895018.767,2607,6,-999.0,0.3506,-
290,66.2666,-157.2051,13.3088,1549895187.88173,2608,12,1.45,0.6471,-
292,66.17,-158.2139,0.0724,1549898251.42619,2611,19,1.5,0.708,-
293,66.3001,-157.1592,13.6487,1549899206.98201,2612,7,-999.0,0.2134,-
294,66.3042,-157.2237,0.0239,1549901271.90408,2613,10,1.54,0.6925,-
295,66.2984,-157.2005,12.7034,1549902585.4243,2614,11,-999.0,0.4994,-
296,66.2749,-157.1917,13.4672,1549902882.6638,2615,12,-999.0,0.5514,-
297,66.2824,-156.9828,19.4154,1549903560.7532,2617,7,-999.0,0.4987,-
298,66.1647,-158.2649,13.6167,1549907265.05616,2618,9,-999.0,0.2701,-
299,66.2831,-157.1994,13.3297,1549907708.36557,2619,8,-999.0,0.2146,-
300,66.2868,-157.1546,15.5194,1549908920.91149,2620,7,-999.0,0.4157,-
301,66.2809,-157.1874,13.4706,1549909807.46764,2621,7,1.31,0.1327,-
303,66.3063,-157.22,0.0,1549918530.8701,2624,12,1.33,0.647,-
304,66.2846,-157.1862,12.3463,1549919556.03311,2625,12,-999.0,0.4132,-
305,66.2975,-157.2117,10.6117,1549925383.20787,2626,5,-999.0,0.0511,-
306,66.312,-157.1394,12.0268,1549925974.50138,2627,8,-999.0,0.3905,-
307,66.3028,-157.2037,12.2385,1549928532.94764,2628,9,1.35,0.403,-
309,66.2845,-157.1697,13.6874,1549930717.16415,2631,8,1.64,0.3976,-
313,66.285,-157.1295,15.0841,1549942110.83637,2637,8,-999.0,0.2812,-
314,66.3056,-157.1859,12.0195,1549942147.5032,2638,8,-999.0,0.3241,-
316,66.311,-157.181,11.2249,1549945501.26151,2642,6,1.63,0.2008,-
317,66.3199,-157.2077,12.2858,1549946930.20269,2643,6,-999.0,0.4292,-
318,66.316,-157.1303,11.0752,1549947947.12401,2644,6,-999.0,0.2767,-
320,66.3285,-157.2068,1.4494,1549954913.58139,2646,10,-999.0,0.7556,-
321,66.2928,-157.1772,12.4303,1549955298.9576,2647,8,-999.0,0.3912,-
322,66.3562,-157.087,9.8259,1549957102.99779,2648,9,1.61,0.6693,-
323,66.3052,-157.1352,14.4201,1549957598.84816,2649,7,-999.0,0.1645,-
324,66.302,-157.1935,13.0547,1549960298.98886,2651,9,1.73,0.3697,-
325,66.3098,-157.1883,12.0431,1549961339.62392,2653,8,1.9,0.551,-
326,66.3074,-157.1341,14.8203,1549962366.23391,2654,7,-999.0,0.2428,-
327,66.312,-157.2046,11.7605,1549963224.54499,2655,7,-999.0,0.1951,-
328,66.283,-157.1999,12.6315,1549967149.42535,2656,9,-999.0,0.4904,-
329,66.2933,-157.1692,12.7303,1549970621.14764,2657,8,1.67,0.3994,-
330,66.2867,-157.1205,15.2147,1549973746.07102,2658,7,-999.0,0.1759,-
331,66.2862,-157.2182,6.2928,1549973914.92725,2659,7,-999.0,0.8095,-
333,66.2988,-157.2143,13.8972,1549976755.02726,2661,8,-999.0,0.539,-
334,66.1672,-157.2415,2.7602,1549981368.28348,2662,7,-999.0,1.1909,-
338,66.3159,-157.2194,10.0,1550014716.51139,2666,7,1.53,-1.0,-
339,66.0808,-157.2093,1.4461,1550017493.30145,2667,8,-999.0,0.9442,-
341,66.3159,-157.2194,10.0,1550023713.86983,2669,7,-999.0,-1.0,-
342,66.2155,-157.2462,0.1028,1550025014.63758,2670,7,-999.0,0.6458,-
343,66.3131,-157.2113,8.8843,1550025620.66468,2671,9,-999.0,0.3327,-
344,66.2911,-157.2192,12.4671,1550026653.44991,2672,11,-999.0,0.4394,-
346,66.3278,-157.4761,11.0792,1550029559.63488,2674,10,1.49,0.4414,-
347,66.3292,-157.1546,6.0953,1550029992.37511,2675,8,-999.0,0.3112,-
349,66.3234,-157.1702,10.3897,1550032301.63931,2678,10,-999.0,0.4943,-
350,66.3107,-157.0721,11.1856,1550033056.82317,2679,11,-999.0,0.4359,-
352,66.3169,-157.0159,3.0696,1550033838.0843,2682,10,-999.0,0.2404,-
353,66.2725,-157.2016,12.6848,1550036409.19831,2685,8,1.46,0.2118,-
354,66.3265,-157.2164,9.9352,1550039857.36393,2686,10,-999.0,0.5196,-
355,66.3157,-157.1963,10.3751,1550041263.47449,2687,7,-999.0,0.1059,-
357,66.2996,-157.1907,8.0363,1550042377.62255,2690,7,-999.0,0.2029,-
360,66.0982,-157.1917,0.0,1550054337.27036,2693,5,-999.0,0.5376,-
362,66.2126,-157.1897,9.6073,1550062872.99991,2695,5,-999.0,0.2997,-
363,66.3042,-157.2052,9.9464,1550067312.25204,2696,9,-999.0,0.2947,-
364,66.2883,-157.1992,10.6726,1550067616.2364,2697,10,1.3,0.5017,-
365,66.3155,-157.2136,10.7838,1550067917.39925,2698,12,1.27,0.4643,-
366,66.1687,-157.206,9.2737,1550070118.62557,2700,10,1.39,1.0384,-
369,66.2145,-157.215,0.0,1550075284.57229,2704,7,-999.0,0.7179,-
370,66.3377,-157.2002,8.6371,1550076176.21531,2705,10,1.35,0.7453,-
371,66.2961,-157.2069,11.6751,1550078540.65909,2706,11,1.23,0.4463,-
372,66.0172,-158.2154,11.3112,1550078853.7183,2707,7,-999.0,1.3437,-
374,66.3101,-157.2177,11.8937,1550083711.61229,2709,10,-999.0,0.5146,-
376,66.1021,-157.1912,0.0,1550085374.51728,2711,6,-999.0,0.8387,-
377,66.1083,-157.127,0.0,1550087600.46653,2712,7,-999.0,0.9426,-
378,66.197,-157.2261,0.0717,1550088430.06509,2713,7,-999.0,0.7553,-
379,66.2883,-157.2763,1.1573,1550088674.0555,2714,8,-999.0,0.447,-
380,66.3117,-157.0238,8.6606,1550092859.35034,2715,10,1.3,0.5408,-
381,66.3532,-157.0186,3.8329,1550093554.86487,2716,6,-999.0,0.5117,-
382,66.2428,-157.3731,9.7604,1550098269.17687,2717,7,-999.0,0.2681,-
383,66.296,-157.2121,9.339,1550101165.38382,2718,8,-999.0,0.4806,-
384,66.33,-157.225,13.4667,1550101225.99557,2719,6,-999.0,0.5489,-
385,66.2799,-157.2021,11.3884,1550101500.68692,2720,9,-999.0,0.3378,-
386,66.2922,-157.2106,10.2949,1550101672.32091,2721,10,-999.0,0.2731,-
387,66.3335,-157.1859,8.6286,1550102926.28782,2722,9,-999.0,0.6903,-
388,66.0812,-158.1654,6.6681,1550111543.12691,2723,6,-999.0,0.3558,-
390,66.2482,-157.3934,7.5857,1550113737.69426,2725,11,-999.0,0.5738,-
391,66.2876,-157.2229,10.894,1550114364.54733,2726,9,1.05,0.2707,-
392,66.106,-157.2335,0.5145,1550117051.29657,2728,6,-999.0,1.055,-
393,66.2756,-157.2033,9.96,1550119838.5756,2729,7,1.01,0.1142,-
394,66.3363,-156.9891,9.9004,1550121401.13442,2730,12,1.17,1.0671,-
398,66.2937,-157.202,10.0408,1550125802.84781,2735,8,-999.0,0.2196,-
400,66.2913,-157.1833,11.9137,1550129820.62559,2737,13,1.46,0.3659,-
401,66.093,-157.1976,0.5611,1550129942.91459,2738,7,-999.0,1.096,-
402,66.3019,-157.2156,0.0593,1550135398.97834,2739,14,1.4,0.7723,-
404,66.3024,-157.1445,13.8136,1550136918.09319,2741,8,-999.0,0.6972,-
405,66.3258,-157.2203,0.0234,1550137817.46887,2743,9,1.13,0.6761,-
407,66.3011,-157.2189,11.056,1550140236.83708,2745,13,1.33,0.4733,-
408,66.294,-157.1949,9.4674,1550142896.29577,2747,7,-999.0,0.1625,-
409,66.2857,-157.2112,0.2517,1550147407.44282,2748,9,1.11,0.5885,-
410,66.311,-157.2147,9.8972,1550149408.59851,2749,8,1.4,0.4925,-
411,66.3007,-157.188,5.7611,1550151771.05978,2750,9,1.53,0.7912,-
412,66.1024,-157.2258,0.0,1550153814.57965,2751,8,-999.0,0.9031,-
414,66.218,-157.2134,0.0022,1550154753.89593,2753,5,1.24,0.6064,-
415,66.3065,-157.1962,6.1928,1550161022.00412,2754,9,-999.0,0.6544,-
416,66.3092,-157.1987,9.5427,1550161585.67477,2755,7,-999.0,0.1018,-
417,66.2716,-157.2082,9.2058,1550163589.55789,2756,7,-999.0,0.7918,-
419,66.1295,-157.2415,0.0316,1550169304.77584,2758,6,-999.0,0.7886,-
421,66.28,-157.2075,11.761,1550192673.01308,2760,13,0.9,0.4935,-
422,66.3189,-157.2175,8.9575,1550196324.42951,2761,7,-999.0,0.2302,-
423,66.2733,-157.2459,1.2357,1550200700.3795,2762,12,1.33,0.4813,-
424,66.3098,-157.1837,11.2448,1550204247.83716,2763,9,-999.0,0.2514,-
425,66.2238,-157.0882,10.5514,1550204572.77658,2764,9,1.13,0.2521,-
426,66.0671,-157.1158,15.284,1550205143.02185,2766,7,-999.0,0.1756,-
427,66.3088,-157.2136,10.3601,1550205509.98161,2767,14,1.4,0.5507,-
428,66.2482,-157.219,0.0128,1550208263.84396,2768,7,1.02,0.8724,-
430,66.2633,-157.2606,9.9453,1550212850.54239,2772,8,-999.0,0.0374,-
431,66.3002,-157.2033,9.5257,1550213529.44061,2773,7,-999.0,0.7368,-
432,66.2784,-157.2262,0.452,1550214564.82641,2774,10,1.5,0.4679,-
433,66.3965,-157.2817,15.6399,1550214617.80232,2775,10,1.73,0.8466,-
435,66.3182,-157.2179,10.0294,1550215750.13356,2777,12,1.21,0.7386,-
436,65.8777,-156.3674,17.11,1550227946.73812,2778,9,1.12,0.272,-
437,66.3043,-157.204,10.3507,1550229406.92065,2780,17,1.36,0.6539,-
440,66.3102,-157.2081,8.7563,1550230079.1172,2784,7,-999.0,0.2981,-
441,66.0932,-157.2139,0.5362,1550230684.58616,2786,9,-999.0,1.3259,-
442,66.3475,-157.1913,3.3768,1550232127.62954,2787,6,-999.0,0.4136,-
443,66.1974,-157.2608,2.4306,1550234514.96103,2788,10,-999.0,0.8033,-
444,66.3155,-157.2187,10.1735,1550234584.82594,2789,12,1.25,0.3528,-
445,66.3047,-157.2448,4.1337,1550234681.95401,2790,7,-999.0,0.2681,-
446,66.2843,-157.2179,0.8773,1550236496.42925,2791,15,1.05,0.8649,-
447,66.3094,-157.2026,10.6113,1550240113.39131,2793,12,0.89,0.542,-
449,66.3255,-157.1952,0.0198,1550242121.02864,2795,7,-999.0,0.5112,-
451,66.3159,-157.2194,5.0,1550245135.06215,2798,6,1.1,-1.0,-
452,66.1862,-157.225,0.1465,1550246560.68516,2799,6,-999.0,0.7754,-
453,66.3016,-157.1827,11.149,1550248020.12797,2800,12,1.32,0.4386,-
454,66.3109,-157.2188,0.0,1550248119.22684,2801,8,1.41,0.3146,-
455,66.2993,-157.2125,11.4901,1550248654.07059,2802,15,1.36,0.3876,-
456,66.3116,-157.1862,10.864,1550249101.10892,2803,14,1.4,0.5597,-
457,66.32,-157.2219,9.1427,1550249528.82673,2804,8,-999.0,0.512,-
459,66.2721,-157.2204,10.4494,1550253605.55469,2806,15,1.24,0.7197,-
461,66.3047,-157.1864,10.8949,1550256179.6683,2809,15,1.32,0.6629,-
462,66.2509,-157.1948,11.5937,1550257142.71473,2810,11,-999.0,1.0291,-
463,66.2953,-157.2122,11.8929,1550258937.68429,2811,15,1.24,0.4309,-
468,66.289,-157.187,12.0095,1550264271.98785,2816,8,-999.0,0.2555,-
469,66.3199,-157.1874,11.2133,1550264687.68216,2817,8,-999.0,0.5616,-
470,66.2974,-157.2107,12.0561,1550265244.65914,2818,15,1.32,0.3802,-
471,66.323,-157.1584,11.2914,1550265646.50206,2820,12,-999.0,0.5186,-
474,66.3284,-157.2807,10.523,1550271654.90777,2824,7,1.81,0.2634,-
476,66.1804,-158.1487,0.6172,1550272091.68385,2827,8,-999.0,0.5775,-
478,66.3376,-157.1491,8.9114,1550272575.76532,2830,11,0.94,0.8255,-
479,66.3186,-157.2197,10.5909,1550272643.50233,2831,13,1.37,0.5291,-
480,66.3105,-157.2244,10.4798,1550272783.92035,2832,12,1.32,0.4667,-
481,66.3116,-157.2229,0.1819,1550272984.8479,2833,11,1.44,0.3689,-
482,66.3106,-157.2145,9.7722,1550273171.12168,2835,16,1.47,0.6219,-
488,66.3063,-157.2124,11.7969,1550274858.01531,2843,10,-999.0,0.618,-
491,66.3843,-157.1793,9.4843,1550275109.77118,2848,7,1.34,0.5216,-
492,65.9925,-157.274,41.395,1550275186.35285,2849,8,1.53,2.5888,-
493,66.3123,-157.2216,10.8508,1550278522.75926,2850,14,1.44,0.2781,-
494,66.3142,-157.2191,7.5867,1550278640.18969,2851,18,1.52,0.5876,-
495,66.3365,-157.1865,0.1738,1550279648.22498,2853,5,-999.0,0.2711,-
498,66.3115,-157.2213,7.0671,1550283106.59426,2856,5,1.5,0.4562,-
500,66.3053,-157.2121,11.3008,1550286110.63125,2858,10,1.48,0.2528,-
501,66.4379,-157.2557,15.2216,1550288590.69326,2859,5,-999.0,0.3189,-
502,66.3452,-157.2193,9.3381,1550288757.35028,2860,11,1.39,0.8055,-
503,66.3109,-157.2057,10.7376,1550289331.12947,2861,7,1.18,0.1476,-
504,66.3535,-157.1686,1.65,1550293968.57129,2862,7,-999.0,0.6114,-
508,66.3164,-157.1769,8.0494,1550302742.98088,2866,6,1.56,0.5461,-
511,66.381,-157.1878,10.9006,1550306691.60833,2869,7,-999.0,0.512,-
513,66.2701,-157.2624,13.1481,1550307531.63539,2871,9,-999.0,0.7501,-
514,66.3046,-157.2073,9.9754,1550313469.54852,2872,6,1.2,0.0629,-
515,66.3137,-157.2192,11.9972,1550319124.45148,2873,9,-999.0,0.5695,-
516,66.0904,-157.2144,0.4948,1550320543.50029,2874,9,-999.0,0.9892,-
517,66.3553,-156.9941,4.2147,1550320909.14504,2875,8,1.54,0.5295,-
518,66.3068,-157.2092,11.5485,1550321400.0572,2876,11,1.28,0.2954,-
520,66.3163,-157.2181,10.3148,1550330174.85777,2878,9,-999.0,0.3429,-
521,66.3021,-157.2088,11.1736,1550330457.11415,2879,9,1.37,0.3976,-
522,66.2703,-157.2453,4.3922,1550335826.51678,2880,14,1.43,0.7265,-
523,66.3017,-157.2107,11.3739,1550337741.82315,2882,6,-999.0,0.5955,-
524,66.2544,-157.2265,12.3585,1550341062.42507,2883,11,1.36,0.267,-
525,66.2899,-157.198,4.9055,1550341362.81127,2884,9,1.33,0.4937,-
527,66.0974,-157.1901,0.0359,1550350374.3371,2886,5,-999.0,0.4924,-
531,66.225,-157.2331,10.1184,1550353891.16471,2890,5,-999.0,0.2133,-
532,66.34,-157.2004,11.1592,1550354145.38585,2891,10,1.18,0.8473,-
533,66.2959,-157.1901,10.3292,1550356134.3614,2893,12,1.47,0.3417,-
534,66.3017,-157.1767,8.17,1550358215.70086,2894,11,1.51,0.688,-
535,66.3413,-157.188,9.871,1550360445.45787,2895,9,1.55,0.6908,-
536,66.1684,-157.2793,1.4065,1550364053.06839,2896,7,-999.0,0.8705,-
537,66.315,-157.1828,10.8623,1550374623.01259,2897,10,-999.0,0.5978,-
539,66.2965,-157.2118,0.022,1550378515.76743,2899,14,-999.0,0.7956,-
540,66.7222,-156.8001,15.7163,1550380144.51726,2901,4,1.68,0.5426,-
542,66.2177,-158.3056,16.6537,1550380783.11322,2903,9,-999.0,0.9481,-
543,66.3143,-157.2186,12.4549,1550385706.84061,2905,7,-999.0,0.1892,-
545,66.3272,-157.2237,9.7683,1550398425.98592,2907,11,-999.0,0.6539,-
546,66.3041,-157.1889,8.3533,1550402475.36915,2908,8,-999.0,0.2127,-
547,66.309,-157.1889,12.4862,1550408916.74722,2909,9,1.23,0.3259,-
548,66.3239,-157.1746,9.0369,1550414258.63044,2910,10,1.33,0.6086,-
549,66.3115,-157.218,10.689,1550415275.13593,2911,12,-999.0,0.3226,-
551,66.3349,-157.2286,0.0988,1550420245.63547,2913,9,-999.0,0.616,-
553,66.288,-157.1951,8.6072,1550425745.14795,2915,8,-999.0,0.3247,-
556,66.2955,-157.1671,12.0715,1550436781.77902,2918,8,-999.0,0.4168,-
557,66.3073,-157.1927,8.445,1550440249.65239,2919,7,-999.0,0.4254,-
558,66.2708,-157.1889,9.802,1550440673.05378,2920,5,-999.0,0.1297,-
559,66.3001,-157.1992,9.6377,1550443465.51756,2921,8,-999.0,0.1232,-
560,66.3435,-157.2229,10.5639,1550444431.14103,2922,13,-999.0,0.5993,-
568,66.2918,-157.2397,0.0735,1550453516.41725,2934,8,-999.0,0.4682,-
571,66.2698,-157.23,7.9279,1550458992.47721,2939,11,-999.0,1.0328,-
572,66.2904,-157.2515,11.1711,1550462026.76532,2940,11,-999.0,0.9567,-
573,66.3125,-157.1954,8.9802,1550464413.28111,2941,9,-999.0,0.5977,-
574,66.3103,-157.2085,9.4896,1550464882.7803,2942,13,1.35,0.3609,-
575,66.3125,-157.2168,6.459,1550470355.18013,2943,9,-999.0,0.4936,-
576,66.2961,-157.3041,7.936,1550471026.21224,2944,11,1.12,0.4846,-
577,66.3008,-157.2059,9.2237,1550471441.21154,2945,7,-999.0,0.0943,-
578,66.2971,-157.1867,9.4175,1550472203.61296,2946,11,1.3,0.4044,-
580,66.3287,-157.1806,9.1425,1550478430.39931,2948,6,-999.0,0.1816,-
582,66.3349,-157.1818,8.5395,1550479461.11214,2950,11,1.04,0.4538,-
583,66.2742,-157.2252,12.1214,1550485076.43438,2951,11,1.39,0.9498,-
584,66.2985,-157.2022,10.0188,1550489620.16278,2952,13,1.26,0.4536,-
585,66.299,-157.1951,0.9908,1550493918.53964,2954,9,1.14,0.353,-
586,66.2162,-157.1991,15.0,1550494381.2075,2955,5,-999.0,-1.0,-
587,66.5556,-157.777,0.0393,1550496118.54058,2956,4,-999.0,0.8702,-
588,66.3123,-157.2134,0.0115,1550497195.56947,2957,10,-999.0,0.5063,-
589,66.3696,-157.1984,12.4039,1550500150.78495,2959,9,-999.0,0.9758,-
592,66.3204,-157.2156,10.1074,1550508804.79379,2963,12,1.18,0.3384,-
594,66.3597,-157.4362,10.0393,1550513071.09444,2965,12,1.18,0.6104,-
596,66.3188,-157.3038,9.1419,1550513608.41163,2967,13,1.23,0.7599,-
597,66.281,-157.3844,12.0469,1550513692.60495,2968,10,-999.0,0.867,-
599,66.3318,-157.4033,9.2748,1550516324.78044,2971,8,1.23,0.8324,-
600,66.3071,-157.2109,11.4419,1550517492.69374,2972,6,-999.0,0.1117,-
601,66.179,-157.3024,0.0,1550520180.68126,2973,7,-999.0,0.6167,-
602,66.3028,-157.185,12.4849,1550522372.70484,2974,10,1.03,0.3457,-
605,66.2998,-157.1913,11.3471,1550531115.3247,2977,17,-999.0,0.5724,-
606,66.2694,-157.2526,11.157,1550533471.12585,2979,10,-999.0,0.4586,-
607,66.27,-157.239,11.4246,1550535445.57942,2980,11,1.22,0.9183,-
608,66.3048,-157.2134,10.1955,1550535626.51701,2981,14,-999.0,0.7123,-
609,66.3058,-157.2873,11.9234,1550538942.38632,2982,10,-999.0,0.2625,-
610,66.3001,-157.1957,10.7899,1550540058.56005,2983,14,1.13,0.4426,-
611,66.2984,-157.2002,9.7464,1550541352.60088,2984,8,0.86,0.1745,-
613,66.2771,-157.2801,0.8262,1550551052.21309,2987,8,-999.0,0.2575,-
614,66.3247,-157.2192,0.0,1550558930.21961,2988,6,-999.0,0.1504,-
615,66.3072,-157.2104,8.8896,1550560515.27637,2989,15,-999.0,0.8428,-
617,66.2879,-157.2383,11.8521,1550569506.13109,2991,11,1.05,0.7406,-
619,66.2493,-157.2449,0.0364,1550571133.06996,2993,8,-999.0,0.7252,-
620,66.3287,-157.1871,7.8946,1550578713.64056,2995,9,-999.0,0.2029,-
621,66.3035,-157.2062,0.0129,1550580868.21558,2996,12,-999.0,0.1648,-
623,66.3248,-157.4081,57.4968,1550586300.0468,2998,9,-999.0,0.6974,-
629,66.2654,-157.2204,9.0697,1550593278.27095,3004,8,-999.0,0.784,-
630,66.3088,-157.1748,10.9643,1550593366.07236,3005,9,-999.0,0.3276,-
631,66.2896,-157.1336,13.6823,1550594656.92236,3006,8,-999.0,0.2577,-
632,66.2698,-157.3751,10.7471,1550595136.28276,3007,10,-999.0,0.7717,-
633,66.3118,-157.2835,9.1863,1550595185.35671,3008,14,1.0,0.5346,-
636,66.1989,-156.8276,2.285,1550597327.12455,3012,13,1.16,0.5067,-
637,66.2984,-157.2556,0.6357,1550597805.72839,3013,11,1.25,0.9825,-
638,66.3057,-157.2136,8.6503,1550598093.82222,3014,13,1.34,0.7546,-
641,66.2951,-157.1926,12.447,1550602777.12273,3019,7,0.91,0.1592,-
642,66.3154,-157.195,10.6806,1550603612.45329,3020,17,1.18,0.4767,-
643,66.3183,-157.2161,6.0322,1550603711.24441,3021,9,1.18,0.5796,-
644,66.3045,-157.1834,10.3391,1550604360.26125,3023,12,-999.0,0.4728,-
645,66.3163,-157.1974,9.8149,1550612187.09361,3024,14,-999.0,0.5082,-
646,66.2852,-157.2485,10.4686,1550615094.82461,3025,7,1.07,1.1182,-
648,66.2447,-157.2276,11.6036,1550615878.08773,3028,10,-999.0,0.5818,-
650,65.8271,-156.3023,13.618,1550619265.30766,3030,12,1.14,0.4489,-
651,66.2945,-157.1873,11.7407,1550620294.05148,3031,14,1.18,0.3846,-
652,66.2909,-157.1896,11.8747,1550621517.02586,3033,13,1.49,0.4355,-
654,66.2758,-157.2341,0.0025,1550629343.06551,3035,9,0.85,0.343,-
655,66.2765,-157.2334,3.6197,1550631822.2126,3038,7,-999.0,0.3801,-
656,66.2976,-157.207,2.9231,1550631861.6871,3037,12,1.26,0.3625,-
658,66.3347,-157.2177,9.3026,1550640248.73085,3041,13,1.15,0.4668,-
659,66.2876,-157.4013,6.872,1550642705.34273,3042,8,1.23,1.1561,-
661,66.3,-157.201,13.2028,1550648665.59473,3044,8,-999.0,0.4434,-
662,66.322,-157.1822,8.1953,1550649112.55281,3045,10,1.32,0.549,-
663,66.28,-157.3203,10.1231,1550649186.35541,3046,14,1.48,0.644,-
664,66.2971,-157.1707,12.49,1550651349.09579,3047,10,-999.0,0.2373,-
665,66.2886,-157.2104,10.3363,1550655189.79646,3048,13,1.1,0.6659,-
666,66.3234,-157.1981,11.0092,1550658009.55389,3049,5,-999.0,0.155,-
667,66.311,-157.2101,8.5843,1550661675.00733,3050,7,-999.0,0.2966,-
669,66.2981,-157.4593,3.1423,1550667212.34664,3052,11,-999.0,0.9595,-
670,66.2866,-157.2159,10.2472,1550667328.43529,3053,15,1.45,0.6875,-
672,66.2836,-157.2425,10.1098,1550671228.66499,3055,9,1.57,1.0011,-
677,66.3041,-157.1962,3.528,1550677052.80473,3062,13,1.53,0.4171,-
680,66.3224,-157.1994,8.4521,1550679255.10964,3065,6,-999.0,0.2871,-
681,66.2785,-157.1823,5.578,1550679487.66851,3066,7,-999.0,0.7919,-
682,66.2248,-157.2029,0.4893,1550680484.04384,3067,7,-999.0,0.6516,-
683,66.2433,-157.2283,10.7974,1550683764.00996,3068,11,-999.0,0.7191,-
684,66.3199,-157.2095,12.1183,1550690609.66906,3069,13,1.3,0.4707,-
685,66.2012,-157.1481,12.543,1550691279.27297,3070,8,-999.0,0.5756,-
686,66.1974,-156.9088,11.4681,1550707675.27635,3071,7,-999.0,0.8226,-
687,66.2613,-157.2125,7.7905,1550714553.03152,3072,11,1.23,0.5844,-
688,66.3025,-157.1955,4.6676,1550722291.29022,3073,10,-999.0,0.4023,-
689,65.857,-156.3637,15.5228,1550723158.68101,3074,11,1.35,0.6303,-
691,66.3016,-157.1771,14.4377,1550732362.4936,3076,5,-999.0,0.1733,-
692,66.5265,-157.2612,19.421,1550732733.13637,3077,6,-999.0,0.6252,-
696,66.2689,-157.2575,11.1414,1550736415.52923,3082,9,1.46,0.9829,-
697,66.2678,-157.234,6.3623,1550740353.1762,3084,8,1.33,0.9745,-
701,66.0891,-157.196,0.0,1550745510.40796,3090,7,-999.0,1.1381,-
702,66.2834,-157.1742,11.858,1550745553.5512,3091,12,1.12,0.3357,-
705,66.2988,-157.1859,10.3491,1550746475.81131,3094,12,1.18,0.4273,-
706,66.3392,-157.2045,8.9351,1550748056.29888,3096,5,-999.0,0.6665,-
708,66.2873,-157.328,8.4058,1550749815.61361,3098,8,1.46,1.2509,-
709,66.2579,-157.2627,10.8236,1550752040.77471,3099,7,-999.0,0.3807,-
711,66.2092,-157.1974,8.7314,1550753314.67219,3105,5,-999.0,0.371,-
712,66.3255,-157.222,0.0185,1550753648.55357,3106,6,-999.0,0.4468,-
713,66.3069,-157.1989,11.097,1550753993.13773,3107,16,1.08,0.5792,-
714,66.3386,-157.2313,4.4619,1550757151.62266,3108,7,1.27,0.3371,-
715,66.0865,-157.2033,0.1293,1550757876.30818,3109,7,-999.0,0.9679,-
718,66.4172,-157.2377,5.0325,1550763790.64118,3112,8,1.41,0.6883,-
719,66.3697,-157.1762,7.3932,1550763972.58445,3113,5,-999.0,0.6293,-
720,66.3144,-157.201,9.7462,1550775498.08008,3114,7,-999.0,0.1418,-
721,66.2153,-157.2131,0.0032,1550776397.42109,3115,7,-999.0,0.6611,-
722,66.2443,-157.2026,10.4429,1550780069.60447,3116,11,-999.0,0.4477,-
723,66.3243,-157.2135,12.2161,1550789852.73496,3117,8,-999.0,0.5946,-
724,66.3277,-157.2237,10.2215,1550791286.4486,3118,12,-999.0,0.4595,-
725,66.2715,-157.2309,12.7904,1550794848.3007,3119,13,1.38,0.9056,-
726,66.2246,-157.425,8.9418,1550797870.10253,3120,10,1.02,0.5614,-
728,66.1839,-157.1749,7.1505,1550801646.59953,3123,5,-999.0,0.4676,-
730,66.2667,-157.2464,11.5469,1550807495.42936,3125,8,-999.0,0.8709,-
731,66.3059,-157.1963,11.1601,1550812117.45228,3126,6,-999.0,0.1535,-
733,66.2975,-157.1996,0.5674,1550816293.07642,3128,11,1.17,0.3388,-
735,66.3178,-157.195,12.1258,1550819773.1468,3130,13,1.26,0.2812,-
738,66.2534,-157.2406,10.7063,1550821815.97805,3133,11,1.2,1.1228,-
739,66.2538,-157.2203,11.5023,1550821921.96014,3134,7,-999.0,0.444,-
740,66.294,-157.1823,11.7415,1550822209.62472,3135,16,1.21,0.3903,-
742,66.3085,-157.1902,10.3225,1550822875.10453,3138,15,1.45,0.3612,-
743,66.2942,-157.1798,10.949,1550823249.22022,3139,16,1.19,0.3585,-
744,66.2977,-157.2211,16.3846,1550823274.38436,3140,13,1.12,0.7641,-
745,66.3143,-157.1896,10.0391,1550823951.94616,3141,12,1.27,0.5005,-
747,66.2902,-157.186,10.8561,1550826230.48344,3143,18,1.3,0.4213,-
752,66.3035,-157.2086,1.8984,1550835207.76733,3148,14,-999.0,0.6815,-
754,66.3113,-157.1659,4.0932,1550842037.88261,3150,12,1.26,0.3347,-
755,66.2944,-157.2831,9.3715,1550843363.23954,3152,11,1.22,0.4641,-
756,66.3064,-157.2025,10.5651,1550843584.31551,3153,12,-999.0,0.5819,-
757,66.3014,-157.2118,10.1221,1550849664.14977,3154,12,-999.0,0.8078,-
758,66.2991,-157.2226,6.1685,1550849903.45286,3156,19,1.42,0.8223,-
759,66.3315,-157.2426,10.028,1550850812.72178,3158,13,-999.0,0.5044,-
760,66.3082,-157.1644,14.7509,1550854514.26474,3159,6,1.13,0.2422,-
761,66.3462,-157.1807,10.0645,1550858865.88295,3160,8,1.34,0.4183,-
762,66.2862,-157.2151,10.8645,1550860364.33002,3161,14,1.51,0.5144,-
764,66.2553,-157.252,11.5815,1550863770.60503,3163,5,-999.0,0.4942,-
765,66.2724,-157.2631,0.4851,1550864408.1041,3164,7,-999.0,0.8111,-
766,66.3198,-157.1873,0.9945,1550864472.16662,3165,7,1.24,0.1672,-
767,66.2812,-157.2207,10.147,1550865992.4021,3166,9,-999.0,0.6254,-
769,66.316,-157.2077,10.2091,1550868692.7045,3168,14,1.12,0.4664,-
770,66.3159,-157.2194,10.0,1550871973.54369,3169,13,1.24,-1.0,-
771,66.2375,-157.2361,13.282,1550873258.17849,3172,11,-999.0,0.4447,-
772,66.2314,-157.2003,8.803,1550876589.66136,3173,7,-999.0,0.5029,-
773,66.2955,-157.2082,10.3845,1550877838.61993,3174,14,1.2,0.4316,-
774,66.224,-156.9525,20.0,1550877872.51952,3175,6,-999.0,-1.0,-
775,66.3306,-157.1766,8.8264,1550878268.84527,3176,8,-999.0,0.4171,-
778,66.301,-157.1778,9.7601,1550881858.48277,3179,12,1.31,0.3826,-
779,66.2562,-157.2449,12.5671,1550885151.43527,3180,11,-999.0,0.5054,-
780,66.3079,-157.2036,12.8594,1550885478.56951,3181,11,-999.0,0.5638,-
781,66.3405,-157.2202,9.769,1550900309.48845,3183,9,-999.0,0.5985,-
782,66.3241,-157.2031,11.7262,1550901575.56998,3184,16,1.37,0.707,-
784,66.3718,-157.1341,8.3668,1550903412.8223,3186,11,1.57,1.0381,-
785,66.3024,-157.2227,9.4803,1550904175.48906,3188,14,1.31,0.8259,-
786,66.2952,-157.1855,10.4082,1550905607.65157,3189,12,1.17,0.4401,-
788,66.303,-157.1703,0.942,1550912046.6671,3191,16,1.45,0.4394,-
789,66.3153,-157.1646,0.0927,1550912118.18639,3192,15,1.4,0.4502,-
790,66.329,-157.138,7.4007,1550912409.0509,3193,8,-999.0,0.1775,-
791,66.3146,-157.1709,8.3862,1550913017.35617,3194,12,-999.0,0.5521,-
792,66.3196,-157.2119,4.1809,1550926231.02653,3196,21,1.51,0.5872,-
796,66.3051,-157.2001,9.7129,1550927232.02143,3201,8,-999.0,0.667,-
797,66.3175,-157.2005,9.0149,1550929737.28486,3202,9,1.33,0.2823,-
798,66.2834,-157.2258,11.0501,1550930132.2643,3203,7,1.22,0.4563,-
799,66.0433,-157.1761,0.0182,1550930142.40393,3204,6,-999.0,0.6995,-
800,66.3231,-157.1954,11.1582,1550930521.63735,3205,7,-999.0,0.2034,-
804,66.3188,-157.1745,8.2342,1550933384.66763,3210,14,-999.0,0.5648,-
806,66.304,-157.1716,14.0608,1550936541.31223,3212,8,1.2,0.1482,-
807,66.3123,-157.1996,11.0655,1550939888.62147,3213,15,1.22,0.3952,-
808,66.288,-157.1705,12.9902,1550942705.72197,3214,17,1.15,0.3502,-
810,66.2889,-157.2067,10.6913,1550946059.38041,3216,9,-999.0,0.689,-
811,66.3165,-157.2163,9.224,1550949219.9462,3217,12,1.24,0.57,-
814,66.3084,-157.1795,10.5026,1550956152.67658,3221,15,1.23,0.6106,-
816,66.3202,-157.1697,15.1732,1550960231.37645,3223,6,-999.0,0.1702,-
818,66.4363,-157.1903,0.7066,1550964247.66419,3225,8,-999.0,1.0505,-
819,66.0389,-157.1554,16.0324,1550964724.50292,3226,6,-999.0,0.4538,-
822,66.2524,-157.2458,10.1435,1550993390.29839,3229,9,-999.0,0.4426,-
823,66.3304,-157.2252,5.5864,1550995837.21476,3230,8,-999.0,0.1739,-
824,66.1981,-157.3775,8.3693,1550999037.83539,3231,6,-999.0,0.2483,-
825,66.2836,-157.3254,12.2796,1551016637.38547,3232,6,-999.0,1.3547,-
826,66.3045,-157.1988,9.7158,1551026451.94193,3233,11,1.49,0.4144,-
828,66.1739,-157.4327,0.3313,1551026758.68942,3235,10,-999.0,0.7806,-
830,66.2671,-157.2236,17.9257,1551037802.03089,3237,8,-999.0,1.4967,-
833,66.293,-157.188,11.2678,1551057257.82651,3240,12,-999.0,0.3952,-
834,66.3417,-157.216,7.8583,1551057869.08526,3241,6,-999.0,0.5484,-
835,66.3235,-157.2075,11.4946,1551062078.34473,3242,17,1.4,0.4654,-
837,66.315,-157.2085,8.8015,1551076361.86891,3244,13,-999.0,0.6284,-
838,66.3078,-157.2051,8.3313,1551080121.07387,3245,12,1.29,0.7776,-
840,66.2131,-157.1925,12.1244,1551083747.33948,3247,9,-999.0,0.4933,-
841,66.3092,-157.1941,11.6403,1551083835.39831,3248,17,1.26,0.444,-
842,66.2382,-157.2047,10.5031,1551085969.98859,3249,8,-999.0,0.2062,-
843,66.2916,-157.1639,11.8954,1551089966.2915,3251,15,-999.0,0.3146,-
844,66.2489,-157.1984,9.287,1551091776.7419,3252,6,-999.0,0.1825,-
847,66.0989,-157.1883,0.0179,1551103773.02249,3255,10,1.51,1.994,-
848,66.289,-157.1821,10.8238,1551106276.52571,3257,16,1.35,0.705,-
849,66.2618,-157.2155,11.9756,1551106351.40271,3258,10,1.31,0.4419,-
850,66.3353,-157.2195,9.4208,1551110977.55461,3259,15,1.48,0.7384,-
852,66.3595,-157.266,9.8951,1551113937.94927,3261,9,1.37,0.9493,-
853,65.9912,-157.5251,69.9856,1551117931.86647,3262,5,-999.0,1.2529,-
854,66.2533,-157.1953,1.1657,1551121110.17549,3263,7,1.43,1.4227,-
855,66.2444,-157.1968,10.4026,1551121719.81387,3264,8,-999.0,0.2533,-
857,66.2296,-157.4599,0.0541,1551126036.27127,3267,7,-999.0,0.4453,-
858,66.22,-157.2034,0.4915,1551128690.26467,3268,8,-999.0,0.6023,-
859,66.2802,-157.2221,13.77,1551129583.45945,3269,18,2.06,0.6762,-
860,66.2796,-157.1878,12.3573,1551130029.24608,3270,7,-999.0,0.185,-
861,66.2937,-157.1902,3.5971,1551132662.61538,3273,8,1.26,0.4931,-
862,66.2162,-157.1991,10.0,1551134978.90644,3274,7,-999.0,-1.0,-
863,66.3024,-157.1837,8.7001,1551145580.88381,3275,10,-999.0,0.6439,-
866,66.2791,-157.2491,0.4347,1551154277.89049,3278,9,2.65,0.6012,-
868,66.2529,-157.2312,11.9124,1551154780.12391,3281,12,-999.0,0.854,-
870,66.3058,-157.1921,6.9951,1551155038.85455,3283,7,1.63,0.3244,-
871,66.3137,-157.2172,9.1731,1551155273.36842,3285,7,-999.0,0.7353,-
874,66.2753,-157.2288,11.3537,1551155654.40118,3289,11,-999.0,1.0549,-
875,66.3094,-157.1923,9.4325,1551155694.04168,3290,13,1.38,0.4314,-
879,66.2525,-157.2163,11.441,1551156312.40601,3295,7,-999.0,0.3827,-
880,66.3018,-157.1783,10.1209,1551156374.85615,3296,19,1.35,0.5109,-
881,66.2788,-157.1759,11.182,1551156612.85191,3297,10,-999.0,0.4589,-
883,66.3101,-157.184,10.0952,1551157018.03675,3300,13,1.3,0.5619,-
884,66.2429,-157.2462,11.6335,1551157203.65387,3301,7,-999.0,0.1564,-
885,66.3076,-157.1968,5.4156,1551157984.01336,3304,7,-999.0,0.101,-
886,66.2265,-157.1734,10.5763,1551158176.83901,3305,8,-999.0,0.2121,-
888,66.3226,-157.219,0.0076,1551158392.28555,3307,6,-999.0,0.6098,-
889,66.3013,-157.2045,11.2238,1551159784.10032,3309,17,1.45,0.4141,-
891,66.305,-157.1871,9.5906,1551160019.86048,3311,9,-999.0,0.3078,-
893,66.3269,-157.2008,8.0378,1551161418.53303,3314,7,-999.0,0.5479,-
894,66.2378,-157.2313,12.461,1551162306.99625,3315,9,-999.0,0.4577,-
896,66.2646,-157.257,10.5889,1551163460.70721,3317,6,-999.0,0.8094,-
897,66.302,-157.1823,4.7076,1551164000.54825,3318,10,-999.0,0.7846,-
898,66.3159,-157.2194,10.0,1551164316.17506,3319,6,-999.0,-1.0,-
899,66.2644,-157.2089,0.1561,1551164647.27324,3320,8,1.54,0.3884,-
900,66.2213,-157.2081,3.794,1551165871.23054,3321,7,-999.0,0.7011,-
902,66.3083,-157.1939,8.568,1551168012.37948,3323,13,1.46,0.4516,-
906,66.3184,-157.1944,12.0622,1551169272.94249,3327,9,-999.0,0.5662,-
908,66.3185,-157.1722,11.0727,1551170670.78417,3330,8,-999.0,0.2011,-
909,66.2683,-157.2279,11.6475,1551171172.20868,3332,11,-999.0,0.9395,-
910,66.2644,-157.2301,11.6194,1551171504.14684,3333,11,-999.0,0.984,-
911,66.2687,-157.2351,11.8035,1551171789.32785,3334,9,-999.0,1.1147,-
912,66.2813,-157.2716,35.4224,1551171905.44862,3335,9,1.57,1.1984,-
913,66.3084,-157.1825,10.2422,1551172169.73763,3336,11,-999.0,0.3905,-
914,66.2732,-157.2011,0.0,1551172284.31757,3337,6,-999.0,0.5603,-
915,66.3049,-157.1768,2.1473,1551175230.7179,3339,13,-999.0,0.6243,-
916,66.2557,-157.2357,11.0737,1551175274.84319,3340,9,-999.0,0.4007,-
917,66.3004,-157.2023,9.2098,1551175342.50855,3341,13,1.37,0.6792,-
918,66.2741,-157.2139,9.4297,1551177253.49714,3342,7,-999.0,0.5846,-
920,66.2958,-157.1759,9.921,1551177916.52507,3344,13,1.39,0.4415,-
921,66.3153,-157.139,5.9021,1551178034.91125,3345,6,-999.0,0.256,-
922,66.3022,-157.2028,9.912,1551178570.83677,3346,7,1.3,0.3851,-
923,66.299,-157.1694,8.7558,1551179358.789,3348,8,-999.0,0.1923,-
924,66.3054,-157.1783,9.6428,1551179948.14781,3349,10,-999.0,0.2652,-
925,66.2446,-157.2571,11.724,1551183838.28295,3350,10,-999.0,0.4137,-
926,66.2915,-157.1772,11.9532,1551184397.45536,3352,18,1.36,0.3388,-
927,66.2626,-157.2105,9.999,1551184584.77892,3353,7,-999.0,0.2831,-
928,66.3037,-157.1958,9.6485,1551184684.20465,3354,14,1.36,0.5324,-
929,66.3024,-157.1868,8.7275,1551185691.27271,3356,10,-999.0,0.1902,-
930,66.3093,-157.203,10.0629,1551188619.10073,3357,14,1.43,0.6411,-
931,66.3047,-157.2145,0.0056,1551191799.73189,3358,15,1.5,0.5829,-
932,66.32,-157.2108,8.3374,1551192532.02949,3359,13,-999.0,0.6604,-
933,66.3001,-157.1775,10.7909,1551194861.864,3360,13,1.35,0.3381,-
934,66.307,-157.2165,9.8223,1551196029.34809,3362,18,1.17,0.461,-
935,66.2952,-157.1783,11.4297,1551196244.93931,3363,15,1.3,0.3641,-
937,65.8582,-156.3685,17.4484,1551200683.12767,3366,5,1.0,0.2853,-
938,66.2883,-157.179,10.0696,1551201266.70231,3367,12,-999.0,0.518,-
939,66.3275,-157.2166,0.1607,1551201475.23113,3368,5,1.46,0.5898,-
941,66.2944,-157.1844,10.5374,1551202950.54062,3372,18,1.57,0.4663,-
942,66.2753,-157.2344,5.0417,1551203087.95486,3373,9,-999.0,1.0139,-
943,66.2985,-157.1848,9.6884,1551203493.9854,3374,17,1.44,0.6498,-
944,66.2457,-157.2164,12.2494,1551204495.30726,3375,11,-999.0,0.7378,-
945,66.2859,-157.2186,9.456,1551206260.37675,3376,4,-999.0,0.0012,-
946,66.2688,-157.2288,10.8127,1551207414.92679,3377,12,-999.0,0.9807,-
947,66.2917,-157.1878,10.1436,1551207937.69934,3378,12,1.52,0.4849,-
948,66.2446,-157.2058,14.0221,1551207972.00118,3379,11,1.46,0.5429,-
949,66.2982,-157.1923,10.8382,1551208085.67618,3381,14,-999.0,0.6021,-
950,66.3216,-157.193,11.6712,1551208542.34444,3382,15,1.38,0.4259,-
952,66.3073,-157.1778,10.4864,1551210509.81517,3385,10,-999.0,0.4187,-
953,66.3303,-157.29,7.978,1551212688.57622,3386,6,-999.0,0.8738,-
954,66.3084,-157.1736,10.1151,1551213025.08647,3387,15,-999.0,0.6393,-
955,66.3346,-157.2181,0.0146,1551213880.89424,3389,6,-999.0,0.4562,-
958,66.2192,-157.1834,12.4475,1551217766.87132,3392,9,-999.0,0.6458,-
959,66.3141,-157.1835,7.9405,1551218319.38878,3393,5,-999.0,0.0698,-
960,66.2675,-157.2497,11.4094,1551218655.91894,3394,8,-999.0,1.0772,-
962,66.2377,-157.1863,10.9406,1551221388.63739,3397,7,-999.0,0.1106,-
963,66.3053,-157.204,0.0413,1551223149.00962,3399,16,-999.0,0.5448,-
964,66.29,-157.0857,11.6109,1551224716.12713,3400,16,1.28,0.2931,-
965,66.2442,-157.2119,7.4516,1551226169.03343,3401,9,-999.0,0.4123,-
966,66.3082,-157.2162,11.51,1551226425.37467,3402,10,1.25,0.4057,-
967,66.2432,-157.2557,12.3752,1551226517.9102,3403,9,-999.0,0.4146,-
968,66.2928,-157.1653,7.391,1551229334.91045,3404,8,-999.0,0.1068,-
971,66.2594,-157.2467,11.3629,1551231266.52779,3408,11,1.33,0.5545,-
972,66.2722,-157.5913,31.1926,1551231483.16713,3410,9,-999.0,1.0069,-
973,66.3013,-157.202,10.6102,1551231603.31096,3411,14,1.34,0.4462,-
974,66.2927,-157.1781,11.6646,1551231945.44109,3412,15,1.42,0.5481,-
975,66.3129,-157.1926,8.9211,1551232020.84637,3413,11,-999.0,0.3445,-
976,66.314,-157.1846,10.8681,1551232769.7605,3414,13,1.32,0.6125,-
977,66.2931,-157.1712,11.3399,1551235636.50579,3416,16,-999.0,0.3132,-
979,66.2654,-157.223,0.0015,1551240495.35438,3418,13,1.5,1.0392,-
980,66.3324,-157.2263,9.7529,1551241252.81219,3420,11,1.48,0.789,-
981,66.2466,-157.2408,12.5979,1551244404.90353,3422,11,-999.0,0.3683,-
984,66.313,-157.189,7.4356,1551253110.79093,3425,6,-999.0,0.1312,-
985,66.1135,-157.3918,0.0186,1551253427.05378,3426,11,-999.0,0.7678,-
986,66.289,-157.1744,11.6886,1551256010.74662,3427,16,1.41,0.3147,-
987,66.3176,-157.1823,8.0112,1551256308.70423,3428,7,-999.0,0.1047,-
988,66.2512,-157.2281,12.1231,1551256887.70954,3429,12,-999.0,0.3505,-
989,66.1818,-157.2546,16.5657,1551257418.76757,3430,9,-999.0,2.0309,-
990,66.2852,-157.158,12.6798,1551259140.11742,3431,8,-999.0,0.3285,-
991,66.3042,-157.1885,11.7154,1551260590.95508,3432,16,1.36,0.5908,-
993,66.2949,-157.1756,9.7617,1551263425.5256,3434,12,1.43,0.4832,-
994,66.3105,-157.2127,0.0497,1551263466.88195,3435,13,1.48,0.6611,-
995,66.2114,-157.1421,12.5448,1551263986.64654,3437,6,-999.0,0.1252,-
996,66.2916,-157.1824,11.7185,1551264023.98094,3436,13,1.35,0.373,-
997,66.2333,-157.2354,12.8541,1551264689.3513,3440,9,-999.0,0.9031,-
999,66.2951,-157.1635,11.8283,1551265601.56631,3443,8,-999.0,0.1504,-
1000,66.2787,-157.2208,5.0275,1551266110.41198,3444,10,-999.0,0.9111,-
1001,66.2881,-157.1777,10.5875,1551266417.44087,3446,17,1.07,0.3791,-
1002,66.2999,-157.1735,8.2657,1551267269.79541,3448,9,-999.0,0.1424,-
1003,66.2616,-157.2141,8.687,1551267316.88535,3449,8,-999.0,0.4953,-
1006,66.2971,-157.1942,6.3561,1551275352.99685,3454,7,-999.0,0.1533,-
1007,66.2977,-157.1778,10.9747,1551276673.89945,3455,15,1.49,0.2992,-
1008,66.2137,-157.2097,5.2187,1551277366.8442,3456,8,-999.0,0.8669,-
1009,66.3143,-157.1798,11.4607,1551277527.04221,3457,7,-999.0,0.1693,-
1010,66.2432,-157.219,12.6379,1551278680.75174,3458,9,-999.0,0.7738,-
1011,66.3189,-157.2051,10.1666,1551279002.30979,3459,9,1.17,0.5405,-
1012,66.2943,-157.1983,10.9749,1551279103.27829,3460,14,1.35,0.4114,-
1014,66.2443,-157.239,13.0164,1551281321.32378,3463,7,-999.0,1.0171,-
1015,66.316,-157.2161,9.4716,1551281792.12777,3464,11,-999.0,0.5613,-
1018,66.2834,-157.254,0.1174,1551283922.00024,3467,8,-999.0,1.1016,-
1019,66.2613,-157.5759,0.0159,1551289804.85065,3469,6,-999.0,0.4513,-
1021,66.2898,-157.232,0.0,1551290016.81719,3471,6,-999.0,0.7778,-
1022,66.3242,-157.2038,11.3498,1551290619.69051,3472,16,-999.0,0.4957,-
1024,66.3293,-157.2049,8.9447,1551291740.2626,3474,12,1.22,0.5859,-
1026,66.0943,-157.1961,0.022,1551294589.68861,3477,8,-999.0,0.8704,-
1027,66.298,-157.1864,11.0746,1551295060.74127,3478,14,1.41,0.3787,-
1029,66.2864,-157.2053,1.2712,1551296721.45976,3480,12,1.23,0.4749,-
1030,66.3017,-157.1859,9.107,1551301334.45546,3481,10,1.35,0.535,-
1031,66.2929,-157.1836,10.2787,1551301651.59565,3482,15,1.35,0.4877,-
1032,66.2404,-157.21,13.4772,1551301686.3106,3483,7,-999.0,0.5019,-
1033,66.289,-157.1677,13.1151,1551301798.99626,3485,13,1.31,0.3648,-
1034,66.2127,-157.1802,0.0071,1551303817.96617,3486,5,-999.0,0.7719,-
1035,66.264,-157.218,12.2863,1551304608.36438,3487,12,1.17,1.0281,-
1036,66.1769,-157.2059,10.5884,1551307984.83875,3488,7,-999.0,0.4485,-
1037,66.2592,-157.2509,0.0156,1551309689.58524,3489,8,-999.0,0.7099,-
1038,66.2954,-157.192,10.3126,1551310000.48264,3490,9,1.34,0.4759,-
1041,66.3222,-157.2149,9.8247,1551317618.07445,3494,12,-999.0,0.738,-
1042,66.293,-157.1786,11.3228,1551319933.4211,3496,14,1.38,0.3359,-
1043,66.3101,-157.1902,8.702,1551322027.4367,3497,7,1.22,0.6167,-
1045,66.2828,-157.2121,7.4496,1551324794.6083,3499,8,-999.0,0.9995,-
1046,66.289,-157.2255,8.4849,1551327246.01542,3500,12,1.36,0.6819,-
1048,66.2355,-157.2258,12.1839,1551333348.8559,3502,9,-999.0,0.6129,-
1049,66.2419,-157.1643,9.4569,1551333637.40719,3503,7,-999.0,0.3698,-
1050,66.2303,-157.1735,9.6485,1551333800.44428,3504,6,-999.0,0.3954,-
1051,66.3146,-157.1775,7.8151,1551336476.09673,3505,15,1.47,0.6314,-
1053,66.2936,-157.1843,10.7607,1551341273.52776,3507,14,1.21,0.2762,-
1054,66.4591,-157.1524,0.0,1551343215.38661,3508,7,1.46,1.0256,-
1055,66.3242,-157.2057,7.0421,1551349454.70039,3509,6,1.4,0.5392,-
1056,66.2913,-157.1835,10.9666,1551356105.42616,3510,16,1.38,0.3405,-
1057,66.3155,-157.1942,10.9776,1551356174.34769,3511,11,1.42,0.23,-
1058,66.2213,-157.2126,9.7605,1551361625.12129,3512,6,-999.0,0.3326,-
1059,66.29,-157.1739,11.5251,1551362729.30252,3513,17,1.21,0.3368,-
1060,66.3103,-157.1862,11.8317,1551362999.10902,3514,6,-999.0,0.112,-
1061,66.3139,-157.2251,9.6144,1551363570.87205,3515,9,-999.0,0.4421,-
1062,66.3011,-157.1747,10.6549,1551363838.66159,3516,10,1.35,0.1711,-
1063,66.2848,-157.1492,16.0537,1551371147.53989,3517,6,-999.0,0.1924,-
1065,66.2265,-157.2057,13.1531,1551375078.69175,3519,13,1.2,0.5729,-
1067,66.3046,-157.1872,11.3457,1551377138.78652,3521,9,-999.0,0.3282,-
1068,66.3068,-157.1698,11.5497,1551378256.75817,3523,10,1.35,0.3992,-
1069,66.3147,-157.1743,8.5021,1551384141.34077,3524,8,1.38,0.4249,-
1070,66.2994,-157.1726,10.834,1551385065.84404,3525,6,-999.0,0.1547,-
1073,66.1839,-157.8732,0.726,1551395477.20477,3528,8,-999.0,1.3475,-
