,lat,lon,depth,time,evid,nass,ml,sdobs,etype,Annotation
0,60.2832,-141.474,0.0252,1662012579,557,6,1.35,0.8692,lf_G,low-frequency Glacial-quake
1,60.3409,-142.9134,30.694,1662019241,559,5,-999,1.3295,n,combined impulsive noise
2,60.6963,-144.4318,15.7107,1662036162,561,8,2.42,0.9068,-,regional earthquake signal (high noise on included stations)
6,60.6547,-144.3275,52.8377,1662159119,565,4,1.67,0.1488,-,"earthquake (small, P-only location)"
7,60.6774,-144.143,100,1662159114,566,7,2.18,1.7975,D,duplicate of evid #565
12,60.5669,-141.1678,40,1662333455,572,4,-999,-1,n,combined impulsive noise
13,60.2965,-141.2872,0.0359,1662333694,573,5,-999,0.635,lf_G,low-frequency Glacial-quake
14,59.8256,-141.6935,22.8136,1662351618,574,4,1.54,1.0318,-,earthquake
15,61.3823,-144.9432,100,1662354222,575,14,3.13,1.3965,nT,teleseismic signal
17,60.8894,-143.5877,99.3138,1662377557,577,5,1.49,1.3129,nT,decaying teleseismic signal
19,59.9533,-141.9325,34.1316,1662381574,581,6,1.38,0.4048,-,earthquake
20,60.4118,-143.2569,43.5174,1662381946,582,5,-999,1.3779,hf_G,high-frequency Glacial-quake
22,61.1633,-141.8932,27.9668,1662390758,584,5,2.13,1.2479,D,duplicate of MATCHED evid #583
23,61.202,-144.9303,20.3417,1662397623,585,11,1.63,1.0285,-,"earthquake, P-only solution"
24,59.5491,-142.109,0.003,1662398056,586,5,1.89,0.6032,lf_G,low-frequency Glacial-quake
25,59.8401,-143.4801,12.4795,1662398566,587,5,-999,0.8148,lf_G,low-frequency Glacial-quake
26,60.8169,-142.9596,7.6773,1662404715,588,4,-999,0.4908,n,combined impulsive noise
27,60.3277,-143.6752,11.7874,1662413978,589,6,0.52,0.5598,hf_G,high-frequency Glacial-quake
28,60.1484,-141.661,3.4769,1662415475,590,10,1.19,0.5757,lf_G,low-frequency Glacial-quake
29,60.9032,-141.4715,0.1283,1662424055,591,7,-999,1.1015,-,earthquake (small)
31,60.9863,-141.2483,0.2032,1662440301,594,15,1.71,0.7425,-,earthquake (P-only location)
32,61.0679,-143.9274,62.4321,1662448587,595,8,1.27,1.1889,nT,teleseismic signal
33,59.6493,-139.9631,60.8966,1662448580,596,4,-999,0.8042,D,duplicate of evid #595
34,60.4633,-142.4366,0.0444,1662449548,597,6,1.09,0.9317,-,earthquake
35,59.6428,-143.2965,0.1845,1662450878,598,5,1.81,1.1125,n,possibly a landslide (doesn't look glacial)
37,60.5911,-141.2202,27.9809,1662451300,600,6,0.73,0.1285,-,earthquake
38,60.4521,-141.0008,40,1662451931,601,4,0.39,-1,-,earthquake
39,59.6221,-141.9284,51.1712,1662454322,602,11,2.47,0.9228,nT,teleseismic signal
40,60.7022,-143.3461,51.3076,1662454328,603,6,2.35,0.836,D,duplicate of evid #602
42,59.6774,-138.7273,99.7252,1662467602,605,4,-999,0.9427,nT,teleseismic signal
43,61.1409,-142.021,0,1662468392,606,4,1.51,0.8508,n,combined impulsive noise
44,60.9985,-144.7825,23.8188,1662470839,607,7,-999,0.82,-,earthquake (P-only location)
45,60.423,-143.116,6.2614,1662472362,608,5,1.96,0.6447,lf_G,low-frequency Glacial-quake
46,60.2932,-143.0907,0.0029,1662476942,609,5,0.68,0.2808,-,earthquake
48,60.5864,-143.0132,23.1575,1662478313,612,10,-999,0.6448,D,duplicate of MATCHED evid #610
50,61.3669,-141.2014,3.5396,1662481140,615,19,2.47,0.8268,-,regional earthquake
56,60.8468,-144.798,16.0387,1662498344,624,13,1.78,0.8473,-,earthquake
57,59.6914,-142.8771,34.554,1662498529,625,7,1.19,0.9253,-,earthquake (messier signals)
58,60.5995,-144.8472,23.8198,1662499715,627,18,1.63,0.614,-,regional earthquake (P-only location)
62,60.2776,-141.0681,22.8251,1662536019,631,6,-999,0.1552,-,earthquake (small)
64,61.1766,-141.1743,0.1717,1662540638,633,18,2.27,0.8034,-,earthquake (P-only location)
65,60.4571,-143.0886,3.7408,1662544194,634,6,0.58,0.1811,-,earthquake (small)
67,60.1874,-143.2473,100,1662575054,636,4,1.36,0.8521,n,combined impulsive noise — possibly decaying teleseismic
69,60.8338,-142.2053,49.8749,1662610164,638,10,1.76,0.6694,nT,teleseismic signal
70,61.0988,-139.3873,35.6002,1662610156,639,4,2.08,0.7177,D,duplicate of evid #638
71,59.8452,-139.1514,56.3297,1662623294,640,4,-999,0.8372,nT,teleseismic signal
73,60.1516,-143.3268,100,1662769060,642,7,2.33,1.7139,n,combined impulsive noise — possibly decaying teleseismic
75,60.5388,-144.9792,31.8565,1662798367,645,9,2.13,0.9575,hf_G,high-frequency Glacial-quake
76,60.483,-142.0189,48.6849,1662809651,646,9,1.92,0.7995,nT,teleseismic signal
77,60.4974,-138.8588,99.9721,1662809638,648,4,2.35,0.5731,D,duplicate of evid #646
81,60.3376,-141.1017,6.1766,1662812676,653,4,1.61,0.3265,D,duplicate of MATCHED evid #650
83,61.0733,-144.6158,92.0543,1662830864,655,7,2.13,0.9472,nT,teleseismic signal
84,60.6018,-143.01,40,1662830876,656,6,1.48,-1,D,duplicate of evid #655
85,60.2182,-143.6164,99.4423,1662854352,657,19,-999,2.1518,nT,teleseismic signal
86,60.0134,-143.721,100,1662887889,658,17,2.61,2.3841,nT,teleseismic signal
87,60.3934,-143.8906,3.4702,1662899044,659,5,-999,1.1527,n,combined impulsive noise
88,59.1722,-141.799,41.2265,1662901823,660,5,1.9,1.0866,n,combined impulsive noise
91,60.5779,-142.9905,49.0309,1662931816,664,8,1.54,0.5543,nT,teleseismic signal
94,60.6604,-143.1855,0,1662969239,667,4,-999,1.0771,-,earthquake (tiny)
95,60.741,-143.9122,100,1662971216,668,16,2.46,1.9247,nT,teleseismic signal
96,60.4924,-142.8239,0,1662979380,669,4,-999,0.7795,n,combined impulsive noise
97,59.8544,-140.6178,39.6502,1662984734,670,4,1.67,0.5405,lf_G,low-frequency Glacial-quake
100,60.9743,-144.6866,22.4237,1663008902,673,8,1.53,0.8598,-,earthquake (P-only location)
101,60.7233,-144.4768,3.3154,1663021782,674,7,-999,0.4109,-,regional earthquake (P-only location)
103,61.1222,-144.4167,76.5691,1663030814,677,4,-999,0.5168,nT,teleseismic signal
104,61.1094,-144.3597,15.5802,1663080750,678,6,-999,0.6662,-,regional earthquake (P-only location)
107,61.0033,-144.3463,2.1433,1663112549,681,4,-999,1.1564,-,regional earthquake (P-only location)
108,60.7289,-144.1697,100,1663129004,682,10,1.96,1.6063,nT,teleseismic signal
109,60.7267,-143.6897,100,1663132799,683,5,1.92,1.2097,nT,teleseismic signal
110,60.1236,-142.5132,99.6877,1663154193,684,10,2.65,0.5511,nT,teleseismic signal
111,60.4665,-140.5761,14.5749,1663174164,686,4,-999,0.06,-,earthquake
112,60.0773,-140.7832,17.3252,1663178614,687,8,1.51,0.8219,-,earthquake
113,61.2132,-144.9771,34.0647,1663191927,688,16,2.22,0.7533,-,regional earthquake (P-only location)
114,60.545,-143.6441,0.4376,1663197016,689,6,1.43,0.4318,lf_G,low-frequency Glacial-quake
115,60.7137,-144.6353,15.6568,1663206659,690,6,1.49,0.9347,-,earthquake
116,59.9771,-141.3528,17.582,1663233520,691,7,1.46,0.9758,-,earthquake
117,60.4514,-141.2063,4.0098,1663233527,692,6,-999,0.7119,D,duplicate of evid #691
118,60.2498,-144.1652,99.8536,1663250813,693,15,2.28,0.9058,nT,teleseismic signal
119,60.0849,-142.9088,0.4303,1663257167,695,4,1.78,0.9971,hf_G,high-frequency Glacial-quake
121,60.1886,-141.4973,10,1663262955,698,5,0.98,-1,-,earthquake (small)
122,60.1566,-141.1004,25,1663291246,699,4,0.83,-1,-,earthquake (small)
126,61.1546,-144.5146,5.953,1663330337,703,6,-999,0.9696,-,earthquake (P-only location)
127,59.9057,-140.3727,13.3289,1663340387,704,5,1.67,0.2913,-,earthquake
128,60.3584,-144.4351,32.7511,1663382715,705,19,2.29,0.6583,-,regional earthquake (P-only location)
132,60.3507,-144.3363,27.1877,1663422273,709,7,1.42,0.6066,-,regional earthquake (P-only location)
133,59.6428,-144.8737,81.6419,1663422263,710,12,1.94,0.883,D,duplicate of eivd #709
135,60.9232,-144.2784,100,1663422749,712,8,2.54,1.3089,nT,teleseismic signal
136,60.3513,-143.8485,1.432,1663429875,713,10,1.24,0.3456,lf_G,low-frequency Glacial-quake
139,60.3163,-142.2772,16.9269,1663458890,716,4,0.79,0.0243,-,earthquake (small)
142,59.8747,-140.1596,0.1515,1663489094,721,6,2.21,1.1006,n,combined impulsive noise — possibly decaying teleseismic
143,61.3382,-143.4386,27.413,1663494671,722,5,1.99,1.0556,nT,teleseismic signal
144,60.0788,-143.1681,100,1663494832,723,10,2.04,1.2665,nT,teleseismic signal
145,60.4427,-141.201,7.8165,1663494830,724,5,-999,1.0616,D,duplicate of evid #723
149,61.4891,-144.2367,16.0184,1663550184,728,21,3.09,0.7967,nT,teleseismic signal
150,60.3318,-143.5725,100,1663553933,730,8,2.1,1.6165,nT,teleseismic signal
151,60.4237,-143.4331,1.8223,1663556098,731,6,0.97,0.9534,-,earthquake (small)
152,60.1806,-141.5026,0.0321,1663562945,732,5,1.2,0.7428,lf_G,low-frequency Glacial-quake
153,59.7181,-138.0127,40.7029,1663568610,733,4,-999,0.8322,nT,teleseismic signal
154,60.9294,-142.9436,43.9518,1663576081,734,13,1.65,0.8828,-,regional earthquake (P-only location)
156,60.9186,-144.6698,13.8701,1663591613,737,5,-999,0.4574,lf_G,low-frequency Glacial-quake
157,60.3693,-144.7613,100,1663606932,738,4,2.39,1.0573,n,combined impulsive noise
159,60.2276,-141.5353,79.5286,1663611231,740,16,3.32,1.1732,nT,teleseismic signal
160,60.0451,-138.3062,62.8808,1663611219,741,5,3.6,0.8126,D,duplicate of evid #740
161,60.4844,-141.4011,40,1663616367,742,9,1.47,-1,nT,teleseismic signal
162,59.9771,-138.1092,40,1663616351,743,4,-999,-1,D,duplicate of evid #742
163,59.7941,-141.6226,40,1663616362,744,11,2.46,-1,D,duplicate of evid #742
166,61.0673,-144.5404,16.3991,1663624132,748,7,1.61,0.8201,-,earthquake
168,60.6731,-142.7664,33.2717,1663634314,750,6,-999,1.08,n,combined impulsive noise — possibly decaying teleseismic
169,59.5873,-140.5676,23.9069,1663662345,751,11,2.66,0.9405,nT,teleseismic signal
171,60.4301,-143.4665,40,1663663170,753,13,2.36,-1,D,duplicate of MATCHED evid #752 (farther regional earthquake)
173,59.9935,-140.9172,99.9014,1663671117,755,4,-999,0.5622,n,combined impulsive noise
175,60.5582,-140.561,34.4023,1663698563,757,4,-999,0.989,D,duplicate of evid #756
179,59.3771,-142.7549,39.6978,1663726674,762,15,2.64,0.8551,-,earthquake (P-only location)
181,61.1696,-143.8719,25.2447,1663733000,764,9,2.52,0.5684,D,duplicate of MACTHED evid #763 (regional earthquake)
182,60.3768,-143.2274,31.0604,1663745824,765,8,1.73,0.5869,-,earthquake
184,60.4923,-144.0862,95.4324,1663753363,767,5,2.03,1.849,n,combined impulsive noise — possibly decaying teleseismic
185,60.9584,-143.9482,22.5099,1663802861,768,4,1.52,0.384,-,earthquake
186,59.994,-141.2139,99.5275,1663827091,769,4,2.01,0.9231,-,earthquake (small)
187,59.7463,-141.2824,100,1663827888,770,14,2.96,0.766,nT,teleseismic signal
188,60.8072,-142.3268,20.1046,1663827893,771,7,2.7,0.8049,D,duplicate of evid #770
190,60.4912,-141.3995,1.5935,1663842701,773,4,-999,0.6995,n,combined impulsive noise
191,61.2033,-141.1837,27.297,1663864149,774,9,1.51,0.7441,-,earthquake
192,60.5399,-142.4082,23.269,1663865890,775,4,0.33,0.1779,-,earthquake
193,60.5138,-141.6126,38.8719,1663871366,776,4,1.17,0.6074,-,earthquake
195,60.235,-141.4777,10.8888,1663878928,778,8,1.38,0.59,-,earthquake
200,60.2111,-144.9768,30.9964,1663928532,785,5,-999,1.0559,-,regional earthquake (P-only location)
201,60.0216,-141.6039,31.2208,1663936465,786,4,1.96,0.1676,-,earthquake (small)
202,60.0641,-141.3737,16.6507,1663947834,787,5,1.97,0.4025,-,earthquake
203,59.3565,-141.5508,99.9511,1663958067,788,5,2.41,0.6209,nT,teleseismic signal
205,61.0945,-141.408,1.1727,1664026715,790,10,1.61,0.7247,-,earthquake
206,61.1676,-144.8522,33.5862,1664032740,791,24,4.72,0.3812,-,earthquake (P-only location)
209,61.0946,-141.4068,1.5052,1664095977,794,9,1.66,0.6808,-,earthquake
211,61.0762,-141.2061,19.7048,1664129070,796,4,-999,0.2113,-,earthquake
213,60.6698,-142.3748,34.2455,1664186939,798,6,1.79,0.3312,lf_G,low-frequency Glacial-quake
214,60.5542,-143.6722,32.02,1664188158,799,5,1.27,0.3431,-,earthquake
216,60.7027,-144.0395,32.3818,1664215673,801,4,1.28,0.1476,nT,teleseismic signal
217,60.7638,-142.9634,30.9499,1664236539,802,8,-999,0.6358,-,regional earthquake (P-only location)
218,60.9457,-144.7597,15.6221,1664253766,803,4,-999,0.1461,-,earthquake
219,60.9291,-144.9991,0.3117,1664267086,804,4,1.54,0.9108,-,earthquake
220,60.5718,-143.8331,2.2528,1664267146,805,4,1.56,0.8953,n,"""phantom event"" on regional signal — Sn/Sg phase arrials"
222,60.7161,-144.5113,15.9809,1664291270,807,5,-999,0.1505,-,regional earthquake (P-only location)
223,60.5831,-144.6873,0.3463,1664296244,808,15,1.42,1.8612,-,earthquake (high residual location)
224,61.0808,-141.4024,1.2815,1664311836,809,18,2.17,0.8317,-,earthquake
227,60.5273,-142.425,35.2151,1664328278,812,6,1.14,0.7259,nT,teleseismic signal
228,59.8106,-140.4296,13.0673,1664328269,813,4,-999,0.4849,D,duplicate of evid #812
233,60.4445,-142.2499,42.4707,1664348037,818,9,1.36,0.9747,nT,teleseismic signal
234,60.7074,-142.9759,99.9846,1664348031,819,5,1.82,0.5074,D,duplicate of evid #818
235,60.4892,-138.9409,15.5167,1664348026,820,4,1.8,0.3068,D,duplicate of evid #818
236,60.4938,-142.9401,19.4253,1664359778,821,7,0.59,0.3788,-,earthquake
239,60.0303,-141.9084,31.2717,1664383445,824,6,1.43,1.4048,lf_G,low-frequency Glacial-quake
243,60.3003,-143.2254,10.8571,1664409333,828,10,1.32,1.0557,-,earthquake
245,61.0859,-144.3319,30,1664414752,830,5,-999,-1,-,earthquake
246,61.268,-141.185,25.4988,1664416606,831,5,1.35,0.6286,-,earthquake
247,60.2406,-138.9744,35.0141,1664421782,832,6,2.78,0.8385,nT,teleseismic signal
248,60.5548,-139.0922,36.4953,1664425864,833,4,1.86,0.9831,n,combined impulsive noise — possibly decaying teleseismic
250,60.1358,-142.4087,35.3883,1664473867,835,6,1.77,0.9231,-,earthquake
252,60.7677,-143.998,100,1664490873,837,5,1.92,1.4116,lf_G,low-frequency Glacial-quake
256,60.3962,-143.2582,2.7812,1664497627,842,7,1.38,0.9403,-,earthquake (small)
260,60.4521,-142.8809,43.965,1664580285,847,8,2.06,0.8767,D,duplicate of MATCHED evid #846 (regional earthquake)
262,61.1962,-143.0306,51.219,1664587673,849,12,2.41,0.7077,nT,teleseismic signal
263,61.1114,-138.6355,23.0806,1664587658,850,7,2.66,1.0854,D,duplicate of evid #849
265,60.3632,-142.8594,1.0101,1664593693,852,4,1.87,0.5191,-,earthquake (P-only location)
266,60.6737,-143.4436,34.6195,1664594227,853,7,1.17,1.1,-,earthquake
267,60.8443,-143.3587,7.9696,1664597120,854,5,1.89,0.1809,nT,teleseismic signal
269,60.9003,-144.6627,26.054,1664604782,856,9,1.97,0.9249,n,"""phantom event"" on regional signal — Pn/Pg phase arrials"
270,61.0503,-143.9253,0,1664604795,858,5,2.02,0.7006,n,"""phantom event"" on regional signal — Sn/Sg phase arrials"
274,60.8486,-144.5608,99.9138,1664637145,862,11,1.96,0.8882,nT,teleseismic signal
277,60.4616,-144.3579,100,1664677503,865,17,2.07,1.999,nT,teleseismic signal
279,61.1516,-144.4833,100,1664697108,869,7,2.35,1.2987,nT,teleseismic signal
282,60.6046,-141.7919,35.2951,1664717113,872,9,2.26,0.7224,nT,teleseismic signal
284,60.6817,-144.8308,28.7578,1664744126,874,4,1.86,0.9837,-,earthquake
286,60.5905,-144.4635,15.2086,1664755630,876,9,2.36,0.5801,-,"earthquake (regional, P-only location)"
288,60.9916,-144.5601,16.8553,1664804360,878,4,-999,0.2286,-,earthquake (P-only location)
289,59.3249,-141.2209,44.4988,1664805823,879,18,2.25,1.0312,-,earthquake
295,60.9164,-144.4073,4.4172,1664848262,885,4,0.9,0.6621,-,"earthquake (regional, P-only location)"
301,60.6423,-142.1725,1.9869,1664899343,892,5,1.38,1.132,D,duplicate of MATCHED evid #891
302,60.9368,-144.7779,16.8586,1664909980,895,14,1.93,0.7129,-,earthquake
305,61.4735,-140.4662,18.3093,1664958475,899,17,2.9,0.8838,-,regional earthquake (P-only location)
306,59.4866,-140.9388,10.5426,1664959085,900,10,2.37,1.0991,nT,teleseismic signal
307,61.0036,-141.8396,24.9189,1664958487,901,8,2.51,1.0075,D,duplicate of evid #899
308,60.4692,-142.6277,12.2584,1664959096,902,5,2.01,0.236,D,duplucate of evid #900
309,60.9886,-144.4178,17.875,1664964136,903,10,2.33,0.5741,-,earthquake
310,59.8808,-142.3735,14.5971,1664964138,904,7,2.09,0.3267,D,duplicate of evid #904
311,59.6069,-141.2479,65.4519,1664987801,905,11,2.26,0.8327,nT,teleseismic signal
312,61.1347,-140.1465,41.9397,1664987804,906,5,2.15,0.4421,D,duplicate of evid #905
313,60.696,-143.7373,39.0437,1664994991,907,5,1.43,0.4244,nT,teleseismic signal
315,60.7624,-142.5696,53.7876,1665022913,910,6,-999,0.4732,nT,teleseismic signal
316,61.0623,-139.328,12.7917,1665029363,911,4,2.09,0.1953,n,combined impulsive noise — possibly decaying teleseismic
317,60.8432,-140.8672,9.7828,1665033524,912,22,3.97,0.9318,-,earthquake (P-only location)
318,60.8229,-142.2997,19.8742,1665033535,913,12,3.48,0.9645,D,duplicate of evid #912
319,61.044,-140.3024,0.1774,1665039562,914,11,1.98,0.8587,-,earthquake (P-only location)
320,60.9479,-140.8289,2.2406,1665040063,915,8,1.84,0.812,-,earthquake (P-only location)
321,60.91,-140.8214,5.7325,1665041478,916,16,2.32,0.8783,-,earthquake (P-only location)
322,61.0201,-140.3851,0.0227,1665042299,917,13,1.99,0.9843,-,earthquake (P-only location)
325,60.8568,-144.6255,98.965,1665074781,920,8,1.66,0.8812,nT,teleseismic signal
326,60.8011,-142.9568,1.5264,1665075559,921,4,-999,0.3074,-,regional earthquake (P-only location)
333,61.0457,-144.7612,24.7883,1665109406,929,10,1.63,0.9327,-,earthquake (P-only location)
334,60.7146,-144.6488,16.9653,1665112793,930,12,1.79,0.8309,-,regional earthquake (P-only location)
335,60.1195,-141.1039,18.8352,1665122389,931,4,0.68,0.0143,-,earthquake (small)
336,61.3957,-141.1178,12.5805,1665143756,932,12,2.02,0.792,-,earthquake (P-only location)
337,61.1903,-141.3737,15,1665145412,933,6,1.35,-1,-,earthquake (P-only location)
338,60.6692,-144.6736,11.2927,1665195316,934,9,1.56,0.5794,-,earthquake (P-only location)
339,60.4893,-142.8364,40,1665209857,935,6,1.57,-1,n,combined impulsive noise — possibly decaying teleseismic
341,60.4849,-143.1392,0.0438,1665249871,937,4,0.74,0.7362,-,earthquake (small)
342,60.1435,-141.025,21.3681,1665273415,938,4,1.01,0.0278,-,earthquake (small)
343,59.8591,-141.1873,33.5938,1665286719,939,15,3.08,0.9082,-,regional earthquake (P-only location)
344,59.6485,-138.6046,10.0036,1665286705,940,4,-999,0.7342,D,duplicate of evid #939
346,60.5879,-144.4486,23.3431,1665329937,942,5,1.81,1.1688,-,regional earthquake (P-only location)
347,59.991,-142.9744,0.7055,1665340276,943,4,1.98,0.854,lf_G,low-frequency Glacial-quake
351,60.6715,-144.635,14.4587,1665417704,947,21,2.18,0.6933,-,regional earthquake (P-only location)
353,60.7012,-144.333,100,1665430544,950,15,1.98,1.8222,nT,teleseismic signal
354,60.1246,-138.4687,0.0109,1665445713,951,14,2.93,0.5449,-,regional earthquake (P-only location)
355,60.3369,-140.6332,29.2544,1665445731,952,12,2.32,0.81,D,duplicate of evid #951
358,60.8448,-138.7738,38.5575,1665475516,955,9,-999,1.1673,-,earthquake (P-only location)
363,59.6299,-142.4934,34.4274,1665527068,961,27,2.87,2.6259,D,duplicate of MATCHED evid #960
366,60.7518,-144.9486,8.7585,1665534100,965,4,2.38,0.8651,D,duplicate of MATCHED evid #963
367,60.1725,-144.9679,27.0608,1665563787,966,11,2.27,1.0162,-,regional earthquake (P-only location)
370,60.6318,-144.6607,20.9084,1665578234,969,16,1.83,0.6899,-,regional earthquake (P-only location)
372,60.9214,-140.8173,5.365,1665607848,972,6,-999,0.4913,D,duplicate of MATCHED evid #970
374,60.3751,-143.8611,100,1665700334,974,18,2.34,2.0153,nT,teleseismic signal
375,61.0027,-144.771,25.6341,1665704917,975,7,-999,0.9896,-,earthquake (P-only location)
376,60.5767,-144.6534,23.1815,1665735130,976,8,2.09,0.4265,-,earthquake (P-only location)
377,60.087,-142.5056,99.9876,1665742602,977,11,1.74,0.5604,nT,teleseismic signal
381,60.414,-143.5043,11.2967,1665760031,981,6,0.56,0.4063,-,earthquake (small)
384,60.2652,-141.2655,0,1665781914,984,5,-999,0.7745,-,earthquake
385,60.4624,-140.6422,38.862,1665782668,985,5,1.24,1.2124,nT,teleseismic signal
386,60.5778,-142.6136,40.7296,1665802423,986,4,1.04,0.3964,n,combined impulsive noise
389,60.5385,-144.3414,13.5957,1665816783,990,7,2.03,0.4525,-,regional earthquake (P-only location)
392,61.084,-144.7472,14.8123,1665831650,993,9,1.84,0.8299,-,earthquake (P-only location)
393,60.4877,-144.6871,21.8145,1665835721,994,18,2.15,0.7699,-,regional earthquake (P-only location)
394,60.631,-144.6281,15.939,1665838272,995,14,2.47,0.9628,-,earthquake (P-only location)
395,60.8038,-144.8021,0.0957,1665838750,996,12,2.49,0.8961,-,earthquake (P-only location)
397,60.6001,-143.2297,13.2633,1665902346,998,5,1.38,0.5917,D,duplicate of MATCHED evid #997
398,61.0433,-142.0531,0,1665909973,999,4,-999,1.0794,n,combined impulsive noise
403,60.8797,-144.5613,24.2305,1665993905,1004,4,-999,0.0079,-,earthquake (P-only location)
404,60.8236,-144.9111,16.3864,1665998380,1005,5,1.83,0.159,-,earthquake (P-only location)
407,61.2366,-141.4814,26.0056,1666025910,1008,8,1.83,0.4897,-,earthquake (P-only location)
410,59.9744,-141.3617,0.4247,1666048381,1011,5,1.83,0.3439,lf_G,low-frequency Glacial-quake
411,60.3181,-143.2922,25,1666052263,1012,4,0.82,-1,-,earthquake (small)
416,60.7426,-144.4354,1.1816,1666088708,1018,4,2.43,0.8112,D,duplicate of MATCHED evid #1017
419,61.0666,-144.0624,100,1666154802,1021,7,1.92,1.5195,nT,teleseismic signal
420,60.9528,-144.7335,27.9778,1666170066,1022,5,-999,0.2909,-,earthquake (P-only location)
422,60.4587,-141.6,3.5945,1666257588,1024,4,-999,0.0374,-,earthquake (small)
424,61.1441,-143.9417,0.2994,1666265700,1026,5,1.85,0.7454,-,regional earthquake
425,60.0652,-141.3556,99.9059,1666267679,1027,13,2.58,0.5968,nT,teleseismic signal
426,60.5239,-140.3557,7.833,1666267668,1028,7,3.31,0.5508,D,duplicate of evid #1027
427,59.8066,-138.3854,4.6429,1666267664,1029,4,3.19,0.6039,D,duplicate of evid #1027
429,60.703,-144.6387,18.2641,1666286535,1031,18,2.21,0.6078,-,regional earthquake (P-only location)
430,60.5527,-143.6471,24.7302,1666286542,1032,15,1.9,0.7317,D,duplicate of evid #1031
431,60.6403,-143.5513,92.638,1666344639,1033,4,1.9,1.2678,n,combined impulsive noise
433,61.1049,-143.4689,30.6877,1666364136,1035,10,2.01,0.8519,-,regional earthquake (P-only location)
434,60.4129,-144.8985,15,1666364136,1036,4,1.51,-1,D,duplicate of evid #1035
438,60.6569,-143.4173,35.943,1666409712,1040,6,-999,0.3828,-,regional earthquake (poor solution)
440,61.1443,-144.5078,180,1666416500,1042,4,-999,-1,nT,teleseismic signal
441,60.7259,-144.633,16.6866,1666436016,1043,19,1.98,0.5933,n,"""phantom event"" on regional signal — Pn/Pg phase arrivals"
442,60.5156,-141.8023,40,1666462542,1044,4,-999,-1,-,earthquake (small)
444,60.614,-144.9551,32.4772,1666482521,1046,12,1.83,0.5253,-,regional earthquake (P-only location)
445,59.6449,-142.4865,0,1666483510,1048,4,1.87,0.1821,nT,teleseismic signal
446,61.1084,-144.743,25,1666494995,1049,4,-999,-1,-,regional earthquake (P-only location)
447,60.4763,-144.6765,8.7094,1666499493,1050,16,1.47,1.4939,-,earthquake
448,60.7097,-144.5194,100,1666523348,1051,20,2.28,1.4811,nT,teleseismic signal
449,60.126,-144.3424,10.1471,1666531543,1052,5,-999,0.2634,nT,teleseismic signal
450,59.7799,-142.8316,0,1666543044,1053,4,1.98,0.4093,lf_G,low-frequency Glacial-quake
451,60.6987,-144.5597,100,1666556308,1054,9,1.97,0.9516,nT,teleseismic signal
452,60.6877,-142.7793,41.1203,1666556321,1055,7,1.24,0.8711,D,duplicate of evid #1054
454,60.8676,-144.0183,100,1666577911,1057,11,1.99,1.9182,nT,teleseismic signal
455,60.9772,-140.9304,7.0087,1666592264,1058,8,1.76,0.675,-,earthquake (P-only location)
456,60.1632,-143.4609,100,1666598568,1059,18,2.52,2.0215,nT,teleseismic signal
457,60.9317,-144.9917,17.7771,1666610891,1060,4,-999,0.285,-,earthquake (P-only location)
458,60.2695,-144.5485,99.8433,1666631104,1061,5,2.06,1.0212,nT,teleseismic signal
459,59.7177,-143.2563,0,1666634169,1062,6,2.42,0.9118,-,earthquake (smal)
461,60.617,-142.4154,43.9304,1666657945,1064,11,1.99,0.5553,nT,teleseismic signal
462,60.4419,-138.5311,29.4787,1666657938,1065,4,2.54,0.6048,D,duplicate of evid #1064
463,60.5156,-141.8023,40,1666704779,1066,6,1.37,-1,nT,teleseismic signal
464,60.7012,-144.3247,100,1666710640,1067,22,2.71,1.8666,nT,teleseismic signal
466,60.8934,-144.7949,21.5634,1666724789,1069,11,1.61,0.9254,-,earthquake (P-only location)
468,60.7685,-144.9712,96.1366,1666742886,1071,4,1.71,0.792,n,combined impulsive noise — possibly decaying teleseismic
475,61.1609,-144.8638,37.4048,1666761986,1079,16,2.35,0.7482,-,regional earthquake (P-only location)
476,60.6023,-144.6487,29.0421,1666776788,1080,10,2.43,0.8086,-,regional earthquake (P-only location)
478,60.5679,-141.1924,57.4128,1666835569,1083,4,1.11,0.2119,nT,teleseismic signal
479,60.3868,-144.4947,21.4869,1666859740,1084,9,-999,0.4877,-,regional earthquake (P-only location)
480,61.1059,-144.6977,100,1666865873,1085,8,2.31,1.1814,nT,teleseismic signal
483,60.998,-144.5607,15,1666966764,1088,4,-999,-1,-,earthquake (P-only location)
484,61.1907,-141.1919,3.1768,1666984933,1089,15,2.21,0.9466,-,earthquake
485,60.3863,-141.2484,9.0045,1666999131,1090,5,-999,0.3042,lf_G,low-frequency Glacial-quake
487,60.9698,-142.4899,30,1667082892,1092,4,-999,-1,-,earthquake (P-only location)
488,60.6993,-140.4965,0.0393,1667094038,1093,17,2.76,0.811,-,earthquake (P-only location)
489,60.8155,-143.3713,18.6598,1667136920,1094,4,-999,0.2471,-,regional earthquake (P-only location)
491,61.129,-144.964,8.184,1667148524,1096,14,2.67,0.7993,-,earthquake (P-only location)
492,61.2228,-144.8346,11.8792,1667151032,1097,13,2.52,0.9449,-,regional earthquake (P-only location)
493,60.7599,-142.3102,35.0188,1667151050,1098,5,-999,0.8482,D,duplicate of evid #1097
498,60.9287,-144.7892,16.2358,1667240770,1103,12,2.43,0.6761,-,earthquake (P-only location)
499,60.5955,-144.6536,15.9626,1667258499,1104,8,-999,0.8209,-,earthquake (P-only location)